Id,BIRTHDATE,DEATHDATE,SSN,DRIVERS,PASSPORT,PREFIX,FIRST,MIDDLE,LAST,SUFFIX,MAIDEN,MARITAL,RACE,ETHNICITY,GENDER,BIRTHPLACE,ADDRESS,CITY,STATE,COUNTY,FIPS,ZIP,LAT,LON,HEALTHCARE_EXPENSES,HEALTHCARE_COVERAGE,INCOME
68fb0e6f-684d-f992-6252-ef78e4423081,1994-01-28,,999-39-7527,S99918574,X98711479X,Mr.,Benjamin360,Cyrus914,Littel644,,,M,white,nonhispanic,M,Chelmsford  Massachusetts  US,411 Lesch Mews,Lawrence,Massachusetts,Essex County,25009,01840,42.71092320930876,-71.17155981941545,64889.45,6732.02,29443
352cccfc-0946-b8f0-a793-a1897e7f48b6,1999-12-06,,999-29-6356,S99939067,X37558528X,Mr.,Abdul218,Leif534,Schoen8,,,,white,nonhispanic,M,Lexington  Massachusetts  US,386 Fay Junction,Lunenburg,Massachusetts,Worcester County,25027,01462,42.55085373747521,-71.7572024008271,65143.89,82726.20,48054
0190e572-2719-b812-dabf-dec7929a3269,2002-03-25,,999-97-3919,S99948719,X09279134X,Mr.,Dong972,Virgil85,Morissette863,,,,white,nonhispanic,M,Truro  Massachusetts  US,1073 Leffler Meadow Unit 72,Holyoke,Massachusetts,Hampden County,25013,01040,42.24148844319829,-72.63368022677675,39567.81,0.00,44410
552cf1e4-a8ab-85dd-a08c-883fbdbd7d0b,1955-06-11,1991-05-07,999-98-5195,S99913659,X73209352X,Mr.,José Eduardo181,Lorenzo669,Brito172,,,M,asian,hispanic,M,Lima  Lima Province  PE,385 Botsford Parade Suite 85,Norwood,Massachusetts,Norfolk County,25021,02090,42.234527710263166,-71.2480035692377,94837.80,0.00,53484
efe49da9-7cb1-c23b-6b7b-3fc8b5810e0c,1987-11-15,,999-84-5683,S99946854,X75125829X,Mr.,Tracey100,Ricardo560,Cruickshank494,,,M,white,nonhispanic,M,Salem  Massachusetts  US,1043 Anderson Tunnel Suite 40,Milton,Massachusetts,Norfolk County,25021,02186,42.23130849569614,-71.0454023166622,81026.11,5809.69,58620
f27b5db0-e934-0cfc-a71c-549bc5fe80b5,2006-12-04,,999-24-1232,S99973384,,Ms.,Hsiu839,,O'Keefe54,,,,white,nonhispanic,F,Natick  Massachusetts  US,470 Krajcik Extension,Worcester,Massachusetts,Worcester County,25027,01545,42.33391691495536,-71.841693607608,4000.00,85966.19,9433
4b475264-5e76-f39e-5f8a-80bcc38c4e5e,1972-07-24,,999-68-8341,S99973175,X99100393X,Mr.,Judson999,Jamal145,Ratke343,,,W,asian,nonhispanic,M,Chester  Massachusetts  US,708 O'Keefe Grove Apt 15,Newburyport,Massachusetts,Essex County,25009,01950,42.74612945162747,-70.89637473728821,118842.10,2959.05,86291
f7bed9d4-b5f3-0868-c07a-6f3ba008257b,1969-12-08,,999-61-2818,S99923380,X04052650X,Mrs.,Felisha640,Tonja658,Cummings51,,Senger904,M,white,hispanic,F,Salem  Massachusetts  US,391 Langworth Trafficway,Boston,Massachusetts,Suffolk County,25025,02135,42.31849245540681,-70.98957536165305,11900.00,598284.67,19296
f6b55bba-28da-1b7e-c3b2-e7995291dc30,1961-04-04,,999-59-4352,S99940992,X14714955X,Mr.,Teodoro374,Jose871,Schulist381,,,M,white,nonhispanic,M,Springfield  Massachusetts  US,634 Nicolas Well Apt 34,Hull,Massachusetts,Plymouth County,25023,02045,42.33381306143112,-70.88408609082008,180797.80,29261.10,69857
65ad3780-e9f9-7898-f86c-eb2943dd03c5,1956-03-15,,999-29-9997,S99980937,X24194482X,Mr.,Lawrence741,Tristan353,Murphy561,,,S,black,nonhispanic,M,Worcester  Massachusetts  US,769 Oberbrunner Spur Suite 46,Boston,Massachusetts,Suffolk County,25025,02130,42.338525111194244,-71.01640249761408,174654.97,139309.94,55822
28209046-c2fd-1ce6-7ec3-4f994ae7bb4c,2011-01-21,,999-58-8770,,,,Madaline59,Mona85,Wunsch504,,,,white,nonhispanic,F,Framingham  Massachusetts  US,1014 Funk Heights,Groveland,Massachusetts,Essex County,,00000,42.73358891375872,-70.9908747659489,20044.87,17314.52,236180
f09b04b3-8dd7-aee4-d146-d332a0a77923,1986-11-22,,999-50-4548,S99978648,X49932897X,Mrs.,Renate369,Moriah648,Frami345,,Sipes176,M,white,nonhispanic,F,Newburyport  Massachusetts  US,624 Bins Ramp Suite 77,Walpole,Massachusetts,Norfolk County,25021,02081,42.167399156452234,-71.31709602805597,174647.00,964481.35,775668
bb1ad573-19b8-9cd8-45aa-9ffebb1ec459,1962-06-27,,999-87-3690,S99947523,X40708195X,Mrs.,Juliette736,Merideth332,Streich926,,Farrell962,M,white,nonhispanic,F,Wakefield  Massachusetts  US,373 Schaden Throughway Unit 65,Marshfield Hills,Massachusetts,Plymouth County,25023,02051,42.15224338367826,-70.70366978952778,354752.41,384291.58,146044
58f6f13d-28ca-7a36-78a7-ab19bdd02238,2004-01-09,,999-20-3293,S99963672,X94724082X,Mr.,Franklyn361,Britt177,Wyman904,,,,white,nonhispanic,M,Leominster  Massachusetts  US,916 Sporer Drive Suite 51,Canton,Massachusetts,Norfolk County,,00000,42.22432067274487,-71.150863781649,121240.52,573258.92,120596
23c77cb6-e117-60a5-0cf9-b574057c624a,1998-11-25,,999-62-6220,S99923181,X72077705X,Mr.,German382,,Effertz744,,,,white,nonhispanic,M,Wellesley  Massachusetts  US,912 Smith Port,Springfield,Massachusetts,Hampden County,25013,01013,42.017917178347,-72.59719739462756,4485.55,73076.60,1624
ce23684a-013e-0402-15bc-e9e09c428982,1987-07-16,,999-78-6512,S99915197,X22289920X,Mr.,Eldridge510,,Lind531,,,M,white,nonhispanic,M,Worcester  Massachusetts  US,1014 Grant Annex,New Bedford,Massachusetts,Bristol County,25005,02743,41.701033001015915,-70.94459311919029,342498.23,204046.97,43790
c541d6e9-9556-ad8d-3b96-797c636aff31,1994-08-21,,999-51-8263,S99977720,X13457476X,Mrs.,Huong243,,Price929,,Weimann465,M,black,hispanic,F,Dracut  Massachusetts  US,621 Goodwin Vista Suite 75,Chicopee,Massachusetts,Hampden County,25013,01022,42.20875727085939,-72.56415615220209,11288.52,239949.26,5671
60d1d942-9fbc-aa08-bcb0-6b489557166b,1966-05-22,,999-12-1939,S99974484,X74780288X,Mr.,Francesco636,Alfredo17,Quitzon246,,,M,white,nonhispanic,M,Chicopee  Massachusetts  US,174 Moen Passage,Springfield,Massachusetts,Hampden County,25013,01106,42.13040238876359,-72.44338790860593,156236.46,226.25,93811
a8eeba81-0ad4-107c-0c66-4d64f24ffc6f,1982-12-12,,999-13-2968,S99973890,X61086177X,Mr.,Willard975,Alfredo17,Smitham825,,,M,white,nonhispanic,M,Tyngsborough  Massachusetts  US,238 Welch Byway Suite 36,Barnstable,Massachusetts,Barnstable County,25001,02601,41.59927455471417,-70.34701353516837,142301.75,52853.41,27697
81a8e923-dd4d-7273-f4f1-49b6ac107ab8,1951-08-18,2001-01-16,999-34-1547,S99976592,X10360509X,Ms.,Wanetta360,Danyelle408,Wiegand701,,,S,white,nonhispanic,F,Brockton  Massachusetts  US,429 Muller Neck Suite 88,Lynn,Massachusetts,Essex County,25009,01940,42.499281159805946,-70.98422838133523,318042.73,217738.57,50281
245b99b8-4668-5cfb-f787-57240d4733b4,1984-02-11,,999-50-3418,S99934906,X90210584X,Mr.,Gino587,Dane516,Casper496,,,D,black,nonhispanic,M,Holden  Massachusetts  US,951 Bode Approach Apt 13,Holbrook,Massachusetts,Norfolk County,25021,02368,42.09894100632767,-70.99382639512045,6814.90,74656.94,17118
7b528bf8-134c-9d4f-116d-28e74838a916,1963-09-18,1980-04-24,999-53-1901,S99932213,,,Dawna21,Olivia294,Grimes165,,,,white,nonhispanic,F,Somerset  Massachusetts  US,857 Bogisich Passage Unit 88,Newton,Massachusetts,Middlesex County,25017,02461,42.366048549702946,-71.209462322018,41181.04,20042.47,903626
85ec2fb8-05fe-b9c0-50c1-67635d842bfb,2002-12-22,2025-04-10,999-10-9914,S99950779,X98314708X,Mr.,Branden904,Eddie505,Heaney114,,,,white,nonhispanic,M,Boston  Massachusetts  US,183 Streich Flat Unit 81,Taunton,Massachusetts,Bristol County,25005,02718,41.89302763320957,-71.02139622802838,19213.92,85055.31,66918
b1e81c4f-7341-8369-2888-9284caaea306,1995-11-03,,999-27-7562,S99913972,X76434831X,Mrs.,Kirstie385,Stacey209,Thiel172,,Grant908,M,white,nonhispanic,F,Everett  Massachusetts  US,735 Stroman View,Pittsfield,Massachusetts,Berkshire County,25003,01201,42.447725312335024,-73.27842079694135,11628.88,604490.29,18535
9f94c561-30b1-17af-5fb5-348e9474d0bb,2017-01-20,,999-55-6781,,,,Ciara810,Sean831,Towne435,,,,white,nonhispanic,F,Weston  Massachusetts  US,128 Russel Mission,Taunton,Massachusetts,Bristol County,25005,02767,41.942337664853625,-71.08397757546348,15768.92,1516.17,74852
1db004fa-8a0c-ebcc-c2b0-2098d9bf0710,1976-09-19,,999-96-5719,S99954438,X17513561X,Ms.,Juana825,,Hessel84,,,S,white,nonhispanic,F,Cambridge  Massachusetts  US,451 Hickle Mill,Wareham,Massachusetts,Plymouth County,,00000,41.71179864294035,-70.69265991444985,379359.15,779454.26,190819
8a577647-2067-37e9-184c-f049bb4e91c1,2024-05-01,,999-45-7038,,,,Lindsey52,Jerrod232,Mitchell808,,,,white,nonhispanic,M,Dedham  Massachusetts  US,496 Hegmann Fork,Amherst,Massachusetts,Hampshire County,,00000,42.34229856300985,-72.46947879059944,5461.03,0.00,111298
0149546a-da2d-4a21-7bb8-5f23044b1f92,1971-11-07,2022-07-16,999-63-8148,S99962457,X00403566X,Mrs.,Leila837,Breanna581,Dare640,,Wehner319,M,white,nonhispanic,F,Haverhill  Massachusetts  US,719 Lind Orchard Suite 1,Wakefield,Massachusetts,Middlesex County,25017,01880,42.474366094471485,-71.0387592653048,101569.12,1846685.50,134796
02bc36ab-aefb-97d8-36ae-fbc4a492825a,2008-05-06,,999-60-8361,S99934478,,,Ozzie259,Wilburn655,Stehr398,,,,white,hispanic,M,Watertown  Massachusetts  US,422 Adams Vale Suite 41,Worcester,Massachusetts,Worcester County,25027,01609,42.24792657316897,-71.77617609798656,128267.94,4460.18,61256
347536f0-4629-6448-07f6-fec7712ad186,1995-08-20,,999-49-3821,S99981299,X58226928X,Mrs.,Charity776,Anjanette878,Schroeder447,,Homenick806,M,white,nonhispanic,F,Holyoke  Massachusetts  US,440 Glover Viaduct,Waltham,Massachusetts,Middlesex County,25017,02453,42.418871068044595,-71.2691434382495,164331.33,379489.73,137194
3f2102b5-5293-4a96-4729-cc88607ae9c6,1955-06-11,,999-39-7355,S99966679,X57503834X,Mr.,Julio255,,Magaña874,,,M,asian,hispanic,M,Puebla  Puebla  MX,626 Durgan Rapid,Norwood,Massachusetts,Norfolk County,25021,02062,42.1842876179617,-71.14711805301732,148854.53,94322.11,53484
be75c448-b47b-885b-fcc9-09472e5fe63a,1970-05-10,,999-63-9106,S99951752,X90070740X,Mr.,David908,Isaias604,Fahey393,,,M,white,hispanic,M,East Longmeadow  Massachusetts  US,1015 Barton Vista,Springfield,Massachusetts,Hampden County,25013,01129,42.17007991137115,-72.59063579634197,16188.49,243946.83,17796
93bcd79b-f476-57eb-2df0-e1ec0907870b,1965-10-25,,999-24-9152,S99981793,X94661621X,Mr.,Jefferey580,Geoffrey157,Lockman863,,,S,white,nonhispanic,M,Palermo  Sicily  IT,800 Steuber Center Suite 18,New Bedford,Massachusetts,Bristol County,25005,02745,41.64468745192645,-70.90967170755681,26784.75,818849.43,15903
c8821985-ec5b-9a1f-3960-a60e12627d0e,2002-12-22,,999-74-1321,S99943812,X70618219X,Mr.,Bud153,Michel472,Aufderhar910,,,,white,nonhispanic,M,Leominster  Massachusetts  US,404 Goyette Station,Taunton,Massachusetts,Bristol County,25005,02780,41.93425773512415,-71.04420101270838,50023.39,24505.56,66918
8b67f190-9c4f-ba23-44c7-c8a385fb4736,1997-09-13,,999-94-4442,S99962023,X27544186X,Ms.,Lorena247,Concepción765,Guzmán14,,,S,white,hispanic,F,Salisbury  Saint Joseph Parish  DM,958 Ledner Park,Springfield,Massachusetts,Hampden County,25013,01199,42.16146253410536,-72.49097602503814,10716.28,540982.32,10113
d01ef585-5509-8ac7-a85e-fa59dfa1ae46,1951-08-18,2009-06-11,999-62-3557,S99938045,X55559902X,Mrs.,Makeda237,Willodean275,Hoppe518,,Tromp100,M,white,nonhispanic,F,Danvers  Massachusetts  US,302 Pouros Glen Apt 6,Lynn,Massachusetts,Essex County,25009,01907,42.46205689435626,-71.05956770986229,896170.33,221512.14,50281
37b4c5d3-6813-0f6a-d6df-142dd9d0ffbc,2024-04-14,,999-40-3675,,,,Courtney281,Ward668,Von197,,,,white,nonhispanic,M,Needham  Massachusetts  US,786 Pollich Branch,Gardner,Massachusetts,Worcester County,25027,01440,42.57049208373902,-71.96384071239757,7862.74,0.00,84547
2f48f6fc-0055-1a97-3d77-cc0c19f84fb7,1960-10-29,2018-08-23,999-92-2151,S99935459,X03079825X,Mrs.,Bobbye345,,Bins636,,Gleichner915,M,white,nonhispanic,F,Chicopee  Massachusetts  US,288 Sipes Frontage road Unit 21,Mashpee,Massachusetts,Barnstable County,,00000,41.58916716838323,-70.53568699628944,311963.44,679756.07,939734
f94d2f8f-2155-5b84-f09b-e4f7eb59e9b5,2010-07-22,,999-88-6916,,,,Telma919,Sondra191,Haag279,,,,black,nonhispanic,F,Braintree  Massachusetts  US,205 Pacocha Harbor Suite 49,Chicopee,Massachusetts,Hampden County,25013,01022,42.128655065824624,-72.60688599321281,69493.49,23409.20,110702
293a22a8-7c7b-8224-d403-9c3f78b09250,1979-06-19,,999-82-7908,S99940413,X83952413X,Mr.,Hunter736,Martin117,Streich926,,,M,white,nonhispanic,M,Frankfurt  Hesse  DE,446 Gutkowski Wall,Worcester,Massachusetts,Worcester County,25027,01608,42.24741058521464,-71.85828313667032,224112.92,18963.56,69878
87bdc33e-7614-863d-6f5e-336878ab412e,1963-09-18,,999-66-5760,S99914886,X33931731X,Mrs.,Stephania967,,Goodwin327,,Hirthe744,M,white,nonhispanic,F,Southbridge  Massachusetts  US,231 Prosacco Green,Newton,Massachusetts,Middlesex County,25017,02458,42.31598401557049,-71.21929530739658,280980.75,592531.11,903626
2d950093-7ccd-c8c0-c61e-bb6865439601,1997-08-21,,999-56-5205,S99910840,X18324945X,Mrs.,Anita473,Catalina187,Malave728,,Escamilla823,M,white,hispanic,F,Santo Domingo  National District  DO,713 Heller Hollow,Lawrence,Massachusetts,Essex County,25009,01843,42.71190634041329,-71.11142622832772,91598.47,988062.46,122165
e3d10f4b-6322-d8eb-1ab3-f9178f8c6e79,1993-08-21,,999-95-9072,S99925264,X88031563X,Mr.,Mauro926,Bruno518,Nicolas769,MD,,M,asian,nonhispanic,M,Medfield  Massachusetts  US,257 Shields Harbor,Concord,Massachusetts,Middlesex County,,00000,42.49808663182745,-71.34859073889436,94950.72,10914.21,130165
a7b97533-3a92-c45d-5266-e3c3f649bc4e,1999-08-17,,999-34-2270,S99934678,X90548243X,Mr.,Stanford577,Buford910,Zboncak558,,,,white,nonhispanic,M,Chelsea  Massachusetts  US,111 Gusikowski Road,Boston,Massachusetts,Suffolk County,25025,02113,42.35472727422902,-71.08150687806916,5227.59,56903.25,20122
fbfc9419-f653-b5f3-c08e-c2b535bba502,2021-01-14,,999-32-6206,,,,Annie941,Celina578,McClure239,,,,white,nonhispanic,F,Worcester  Massachusetts  US,799 Will Bridge,Franklin,Massachusetts,Norfolk County,25021,02038,42.09078684635861,-71.44834517034822,26095.04,0.00,101929
64ff526f-d87c-e3e7-15d4-a83b8b3f3623,1988-09-15,,999-59-7475,S99940108,X04314784X,Mrs.,Danyelle408,,Dach178,,Oberbrunner298,M,white,nonhispanic,F,Framingham  Massachusetts  US,985 Skiles Junction,Bridgewater,Massachusetts,Plymouth County,25023,02324,41.96840589017738,-70.9589779644013,270179.52,881571.23,571269
6e98008f-f328-b475-65c7-47df87f9046a,1968-12-23,,999-71-9208,S99975214,X34093020X,Mr.,Clarence5,,Wunsch504,,,S,white,nonhispanic,M,Cordaville  Massachusetts  US,882 Kuhlman Byway Suite 71,Stoughton,Massachusetts,Norfolk County,,00000,42.07567052511497,-71.1372229637155,199431.40,42479.89,155989
d3e6a0f3-c71f-cbde-b2f3-a5afcc453db7,1971-11-07,,999-23-8818,S99979063,X81236096X,Mrs.,Noemi984,Sau887,Schmidt332,,Watsica258,M,white,nonhispanic,F,Northbridge  Massachusetts  US,524 Kulas Viaduct,Wakefield,Massachusetts,Middlesex County,25009,01940,42.512514881106064,-71.09357111520926,384657.71,1009686.55,134796
3ed44665-34ce-7f0e-cdf0-a938f80bacca,1969-12-24,,999-77-7171,S99943013,X56597945X,Mr.,Eduardo902,Milton509,Barton704,,,M,white,nonhispanic,M,Boston  Massachusetts  US,836 Hoppe Route,Worcester,Massachusetts,Worcester County,25027,01607,42.394381918131785,-71.80927434951039,21841.59,358178.33,10705
34ecbff8-43e1-3794-6aa2-04e749a63a9a,1968-09-05,,999-55-5313,S99989490,X26196136X,Mr.,Sidney996,Wade235,Parisian75,,,D,white,nonhispanic,M,Cambridge  Massachusetts  US,982 Murphy Path,Falmouth,Massachusetts,Barnstable County,25001,02540,41.63469737503793,-70.5855303471788,196731.19,0.00,66686
09cfca96-4574-4b6f-f65d-7be297f2a71d,1955-10-13,,999-93-7422,S99987693,X04216937X,Mr.,Nickolas58,Sidney996,Abbott774,,,W,white,nonhispanic,M,Cordaville  Massachusetts  US,585 Hudson Junction Unit 31,Rockport,Massachusetts,Essex County,25009,01966,42.60227554896848,-70.65441587903922,661933.73,423580.74,89593
71765f29-0d2b-b87e-dd82-db8e973acba3,2007-08-26,,999-92-6652,S99912365,,Mr.,Ernesto186,Erin498,Hintz995,,,,white,hispanic,M,Boston  Massachusetts  US,968 Swaniawski Underpass Suite 19,Fall River,Massachusetts,Bristol County,25005,02790,41.72219782573079,-71.08906251311586,4341.99,295895.04,12592
5fe90794-5ce6-c0a1-8bb3-92f1bc56c9f9,1992-05-16,,999-56-8042,S99982499,X76862301X,Mrs.,Pricilla716,Paige606,Kirlin939,,Hintz995,M,white,nonhispanic,F,Turners Falls  Massachusetts  US,798 Hills Annex,Wakefield,Massachusetts,Middlesex County,25009,01940,42.541513850237685,-71.078452629678,236987.63,646559.80,117705
1eadc56c-fdeb-fc79-5104-7ed919d717cf,1971-01-14,,999-23-1474,S99945164,X98306978X,Mr.,Cyril535,Nigel915,Bosco882,,,W,white,nonhispanic,M,Boston  Massachusetts  US,269 Rempel Dam Suite 63,Falmouth,Massachusetts,Barnstable County,25001,02540,41.58771145589385,-70.61907228665983,18360.09,205838.74,11123
3bb01902-8551-c849-6f23-0251af2bc675,1944-05-03,,999-95-5357,S99928559,X79553739X,Mrs.,Gaye230,Gemma107,Krajcik437,,Bernier607,M,black,nonhispanic,F,Pittsfield  Massachusetts  US,191 Eichmann Trailer,Quincy,Massachusetts,Norfolk County,25021,02170,42.25128860888155,-70.97824926007061,410887.85,327158.61,39073
769e177b-e0e0-b66f-c91d-045a1dcd5baf,1971-07-13,,999-26-3433,S99953022,X83479922X,Mr.,Kirk871,,Lakin515,,,M,asian,nonhispanic,M,Becket  Massachusetts  US,1000 Luettgen Gateway,Springfield,Massachusetts,Hampden County,25013,01118,42.16165825193994,-72.48002382233469,10913.13,176054.53,7363
7dcfbf35-1dde-1ae2-926a-63fdc448db21,2012-04-21,,999-45-9146,,,,Warner493,Bernie827,Skiles927,,,,white,nonhispanic,M,Freetown  Massachusetts  US,338 Graham Divide,Concord,Massachusetts,Middlesex County,,00000,42.496427088619356,-71.39449280622203,38727.17,406.60,131926
6bc2ae45-2264-3b19-99fa-210b7180e563,1951-08-18,,999-16-1473,S99911685,X56783142X,Mrs.,Annelle169,Dannielle300,Boyer713,,Heidenreich818,M,white,nonhispanic,F,Haverhill  Massachusetts  US,991 Grimes Tunnel Apt 66,Lynn,Massachusetts,Essex County,25009,01901,42.482071724551695,-71.00969777912746,479435.63,254928.99,50281
810f076f-2efc-7d57-bc79-0a338a439fdf,1961-08-10,,999-73-8446,S99990750,X08658659X,Ms.,Madalene903,,McDermott739,,,S,hawaiian,hispanic,F,Stoughton  Massachusetts  US,293 Gutmann Skyway,Boston,Massachusetts,Suffolk County,25025,02118,42.413108235878035,-70.99876934685643,18322.63,991824.71,1648
b94329fc-b922-d1e8-a6c7-75f32531328f,1960-10-29,,999-99-3497,S99964544,X18201244X,Mrs.,Marlys304,,Schiller186,,Cole117,M,white,nonhispanic,F,Worcester  Massachusetts  US,598 Windler Estate Unit 3,Mashpee,Massachusetts,Barnstable County,,00000,41.60407426321202,-70.47179824284731,216665.69,909608.25,939734
6dc4ccc1-2307-5266-8f71-865cf97970b1,1983-05-28,,999-22-6256,S99919887,X60931543X,Mr.,Mauro926,,Streich926,,,M,white,nonhispanic,M,Lee  Massachusetts  US,668 Roob Drive,Pepperell,Massachusetts,Middlesex County,25017,01463,42.67482428926956,-71.57817687241028,111466.83,1608.39,150416
a16236af-4726-e653-6c38-ffc3f070b74f,1997-06-12,,999-79-8007,S99939145,X90844749X,Ms.,Kortney212,Elaine830,Bailey598,,,S,asian,nonhispanic,F,Haverhill  Massachusetts  US,1063 Franecki Road,Chelmsford,Massachusetts,Middlesex County,,00000,42.60433142908712,-71.370312304708,152057.47,409154.05,127235
e8da7ff3-5746-346d-b54c-591616289e35,1962-01-18,,999-46-1130,S99947277,X48978697X,Mrs.,Concetta811,Rosemary734,Heaney114,,Wyman904,M,white,nonhispanic,F,Boston  Massachusetts  US,363 Lubowitz Way Apt 23,Middleton,Massachusetts,Essex County,,00000,42.58642125084556,-71.04163301370271,347542.36,421941.72,147331
f660cdab-03f0-3b06-09e4-04b055e327b8,2011-08-09,,999-68-3667,,,,Margret280,Lexie163,Ankunding277,,,,white,nonhispanic,F,Chicopee  Massachusetts  US,679 Wisozk Ramp,Springfield,Massachusetts,Hampden County,25013,01020,42.17135324051197,-72.50005233280064,26391.77,14402.67,42917
81f60023-440a-c8f3-a3db-1efd4ce2f862,1966-03-27,,999-80-4097,S99964332,X98222387X,Mrs.,Dominga527,Lorilee250,Kerluke267,,Collier206,M,white,nonhispanic,F,Lowell  Massachusetts  US,854 Schaden Village,Hopedale,Massachusetts,Worcester County,25027,01747,42.08010391494855,-71.51185942476123,249634.41,0.00,115474
b7a270c9-7e9f-60b1-e305-a7bbb72dbdb2,1996-05-26,,999-58-6544,S99915127,X64425750X,Mrs.,Akilah516,Vina438,Hoppe518,,Adams676,M,white,hispanic,F,Barre  Massachusetts  US,734 Schamberger Trace,Arlington,Massachusetts,Middlesex County,25017,02476,42.454789306207914,-71.20313050877438,205531.54,1183837.18,460948
97a62aae-1ce1-d2d5-01ff-265afbe6317f,1952-06-12,2025-06-07,999-84-5344,S99921432,X89632800X,Mr.,Jake169,,Dach178,,,S,white,nonhispanic,M,Whitman  Massachusetts  US,861 Moen Knoll,Lowell,Massachusetts,Middlesex County,25017,01854,42.67637819177462,-71.32824612914874,42815.08,2317681.92,678598
2c32b6a1-3e13-0f7e-5ca9-e2d6d6b9ac65,1975-11-12,,999-79-6249,S99964909,X12566621X,Mrs.,Vergie176,Tabetha269,Bosco882,,Zemlak964,M,white,nonhispanic,F,North Reading  Massachusetts  US,840 Larson Knoll Apt 86,Quincy,Massachusetts,Norfolk County,25021,02170,42.2802918965586,-70.97932964542066,653580.23,335560.74,40510
8e332d3e-1c1e-8b01-b79b-e9b1f26c62d1,1997-08-18,,999-37-5909,S99963848,X38357258X,Mrs.,Freeda113,Mercedes82,Doyle959,,Stroman228,M,white,nonhispanic,F,Northbridge  Massachusetts  US,938 Halvorson Bridge,Essex,Massachusetts,Essex County,25009,01929,42.64929458770009,-70.78283831363606,162002.15,363169.81,133109
b2f21910-5c2c-8ef9-944f-8616fb51260f,2007-07-27,,999-36-3724,S99952954,,Ms.,Stefani254,,Blanda868,,,,white,nonhispanic,F,Leicester  Massachusetts  US,982 Keeling Route,North Attleborough,Massachusetts,Bristol County,,00000,41.98261918969594,-71.35640362273263,73767.93,21988.82,156420
4141becd-b318-96fd-8c4b-fdab605b50a1,2003-05-05,,999-76-3915,S99927785,X21473132X,Ms.,Toby274,Kenisha791,Kozey370,,,,white,nonhispanic,F,Fairhaven  Massachusetts  US,152 Larson Lane Apt 81,Lowell,Massachusetts,Middlesex County,25017,01854,42.62226145011797,-71.33413021868581,63779.83,41348.86,47258
fbaca654-edd1-1944-b532-f058e7598109,2025-08-21,,999-44-5271,,,,Leatrice181,Zetta950,Barrows492,,,,white,nonhispanic,F,Wayland  Massachusetts  US,885 Baumbach Gateway,Fall River,Massachusetts,Bristol County,25005,02723,41.65293212791882,-71.19779417157966,100.00,1818.81,18862
ca086600-86d7-8399-3c96-44e4f3815d77,1994-01-22,,999-43-8469,S99944536,X17520123X,Mr.,Tyrone215,Cordell41,Kuhn96,,,M,white,nonhispanic,M,Bridgewater  Massachusetts  US,1086 Olson Terrace,Merrimac,Massachusetts,Essex County,,00000,42.87872338732906,-70.99870000842729,411609.96,253119.34,43223
35a150f4-5be7-11d6-e441-ceed80e6d35d,1948-11-01,,999-97-6284,S99954664,X47090321X,Mrs.,Jasmin506,Shan714,Wisoky380,,Ortiz186,W,white,nonhispanic,F,Boston  Massachusetts  US,117 Lind Mission,Sandwich,Massachusetts,Barnstable County,25001,02563,41.72411074780586,-70.47899955487965,180836.09,625812.95,52885
967b18ff-84cf-3726-4836-519e704a1532,1998-09-09,,999-59-1775,S99998175,X00279127X,Ms.,Coralee911,Refugio197,McCullough561,,,,white,nonhispanic,F,Malden  Massachusetts  US,332 Rowe Station,New Bedford,Massachusetts,Bristol County,25005,02743,41.63948230091345,-70.95609119633366,332457.45,110748.81,45556
8c8826ec-cd18-a132-6742-298939933a69,1966-01-22,,999-79-4519,S99921084,X39685519X,Mr.,Murray856,,Becker968,,,M,white,nonhispanic,M,Springfield  Massachusetts  US,1081 Hermiston Rue Unit 76,Attleboro,Massachusetts,Bristol County,44007,02861,41.91815409540246,-71.31907380017476,173618.81,99220.52,174734
a3330817-521e-edfb-1d72-4415efc48670,2024-07-06,,999-49-4579,,,,Glinda951,Jonnie215,Mosciski958,,,,white,hispanic,F,South Duxbury  Massachusetts  US,886 Koss Stravenue,Athol,Massachusetts,Worcester County,25027,01331,42.54287261138428,-72.23720487557615,3532.01,3040.51,36158
4edf2d53-8bcc-83f9-0ed4-75a3b6febffe,1957-12-02,,999-79-4879,S99996147,X31402278X,Mrs.,Shelli447,Inell560,Jacobs452,,Bechtelar572,M,white,nonhispanic,F,North Amherst  Massachusetts  US,888 Feil Run Unit 72,Northampton,Massachusetts,Hampshire County,25015,01060,42.32369600897542,-72.67088643757317,323406.63,450962.78,126412
399b1127-b318-6eef-a192-a427824f910a,2003-07-02,,999-97-1355,S99974914,X57773856X,Ms.,Nam74,Polly738,Cassin499,,,,white,nonhispanic,F,Oxford  Massachusetts  US,837 Cassin Route Suite 91,Amherst Center,Massachusetts,Hampshire County,,00000,42.4147704148307,-72.4937809448002,39160.15,36080.21,27070
e15f1876-4de2-6865-784d-f861198b54d2,2023-02-16,,999-92-8299,,,,Stacie105,Jaunita130,Jast432,,,,white,nonhispanic,F,Worcester  Massachusetts  US,987 Veum Harbor,Hanover,Massachusetts,Plymouth County,,00000,42.1347405440612,-70.83023220990825,6397.44,0.00,45643
3462feef-714a-0e44-0808-db64b7ba866e,1942-12-07,,999-18-4372,S99929309,X17185481X,Mr.,Coleman27,Caleb651,Walker122,,,M,white,nonhispanic,M,Hanson  Massachusetts  US,103 Fadel Rest,Attleboro,Massachusetts,Bristol County,44007,02861,41.91643426601752,-71.2465107552363,250035.59,82133.83,79870
b500d980-cee8-debe-d586-66f43d399f05,2018-12-05,,999-11-1901,,,,Wyatt967,Porfirio146,Bernhard322,,,,black,nonhispanic,M,Wakefield  Massachusetts  US,192 Reynolds Alley,Haverhill,Massachusetts,Essex County,25009,01830,42.804273576428855,-71.15736316154344,9387.86,7277.47,99722
cdb9f2fd-bd2c-68a3-21dc-28653c4b62d5,1994-12-06,,999-35-3829,S99980172,X58189374X,Mrs.,Amada498,Joellen497,Vandervort697,,Fisher429,M,white,nonhispanic,F,Worcester  Massachusetts  US,756 Gaylord Hollow,Yarmouth,Massachusetts,Barnstable County,,00000,41.71471866479073,-70.18908718190944,185832.67,1027756.63,125173
c72586ef-2ca3-95af-8224-be4b6b943b95,1972-03-08,2015-02-04,999-75-6525,S99931407,X69128080X,Mr.,Claude750,Jeremy766,Koss676,,,M,white,nonhispanic,M,Northbridge  Massachusetts  US,283 Dickens Mews Unit 1,Southampton,Massachusetts,Hampshire County,,00000,42.1828003606256,-72.71679393656123,10497.39,433361.53,22960
d618bcbb-1713-d866-18ca-9595e08f908e,1967-10-17,,999-70-9827,S99962772,X01423155X,Mrs.,Shawna986,,Koch169,,Quitzon246,D,white,nonhispanic,F,Marseille  Provence-Alpes-Cote d'Azur  FR,926 Kohler Mission Apt 33,Fitchburg,Massachusetts,Worcester County,25027,01420,42.578800476479984,-71.86514546342579,290481.13,398489.03,152066
a195a90a-5f74-a02a-8a13-f6e43505f8a9,2001-05-22,,999-92-4322,S99987892,X01716335X,Mr.,Kenneth671,Jamal145,Orn563,,,,white,nonhispanic,M,Lexington  Massachusetts  US,824 Goldner Light Apt 73,New Bedford,Massachusetts,Bristol County,25005,02743,41.66209688414769,-70.90184756498638,90076.14,642681.70,35018
7196d1a1-dc70-6371-a257-71fddfbe741f,1952-06-12,,999-39-7570,S99985871,X26202349X,Mr.,Jeffrey461,Samual455,Leffler128,,,M,white,nonhispanic,M,Everett  Massachusetts  US,433 Rodriguez Port,Lowell,Massachusetts,Middlesex County,25017,01850,42.68723511772309,-71.3374184533915,91237.12,226778.27,678598
826e20fd-0e1c-7557-ce44-2e62045fe43e,1999-07-01,,999-51-1514,S99974601,X10070205X,Mr.,Eldridge510,Jarvis643,Heidenreich818,,,,white,nonhispanic,M,Oxford  Massachusetts  US,631 Hansen Hollow,Haverhill,Massachusetts,Essex County,25009,01830,42.80025054969407,-71.0717976322819,67449.78,19548.57,29157
b92ee252-6d66-f7a9-70e1-9c66daffd89f,1980-04-08,,999-12-8947,S99948770,X84030113X,Mrs.,Janessa317,Adelia946,Spencer878,,Rutherford999,D,white,nonhispanic,F,Revere  Massachusetts  US,745 Kunze Rue,Fall River,Massachusetts,Bristol County,25005,02790,41.598189822909575,-71.11257229687456,288641.14,411837.07,99534
fcb2b9c0-23bd-bb04-2e3c-81aca4be8953,1971-11-04,,999-27-8243,S99952658,X11048015X,Mr.,Rodney21,Elijah719,Parker433,,,M,white,nonhispanic,M,Sandwich  Massachusetts  US,624 Rempel Passage Unit 61,Worcester,Massachusetts,Worcester County,25027,01583,42.26495312631722,-71.79111967697911,148911.74,0.00,74594
1fa8eadd-a781-3b5d-0c4a-29febc92ee21,2018-02-26,,999-39-8042,,,,Cherish740,,Ortiz186,,,,white,nonhispanic,F,Naples  Campania  IT,636 Doyle Gardens Suite 39,East Brookfield,Massachusetts,Worcester County,25027,01515,42.19356571029548,-72.03151203949876,24602.71,12626.66,48671
273b2514-98b9-637a-d147-7dcf6719a16b,2006-04-17,,999-64-4885,S99957861,,Mr.,King743,Ivan258,Rodriguez71,,,,white,nonhispanic,M,Grafton  Massachusetts  US,919 Sauer Vale Apt 90,Worcester,Massachusetts,Worcester County,25027,01606,42.272328178588126,-71.80650059571913,97516.52,586267.26,42201
023e1f61-a788-7688-0424-72feafea45f4,1958-05-17,2021-05-06,999-94-1248,S99985295,X50377934X,Mrs.,Beth967,,Lockman863,,Lubowitz58,M,white,nonhispanic,F,Whitman  Massachusetts  US,433 Deckow Avenue Unit 71,Salem,Massachusetts,Essex County,25009,01970,42.48826301090361,-70.83436707309538,591842.79,327749.87,48110
19893c0c-103e-358e-d958-70fbf0876e0d,2018-04-17,,999-23-8617,,,,Collin529,,Fisher429,,,,white,nonhispanic,M,Weymouth  Massachusetts  US,699 Rath Ville Suite 5,Chester,Massachusetts,Hampden County,25003,01011,42.26868987330278,-72.95912284317467,10542.49,2941.19,42409
d2f06900-8267-3069-699c-e5c6eddf8f6a,2005-05-24,,999-88-5406,S99912730,X23224724X,Ms.,Ayanna800,Hwa978,Altenwerth646,,,,white,nonhispanic,F,Woburn  Massachusetts  US,175 Koss Trace Suite 59,Scituate,Massachusetts,Plymouth County,25023,02066,42.217791569646195,-70.71056219137004,91970.16,53803.30,88351
56474d3b-d1b7-5ea5-39b6-e71098872c53,1972-03-08,,999-79-7850,S99936101,X40903911X,Mr.,Sterling124,,Carter549,,,M,white,nonhispanic,M,Natick  Massachusetts  US,213 Bernhard Mews,Southampton,Massachusetts,Hampshire County,,00000,42.22424915385143,-72.78433968819485,10399.53,150226.75,22960
b5e83a5e-f27f-a458-d8f2-b0239078cb75,1959-11-20,,999-35-8977,S99999869,X57577132X,Mrs.,Trudie215,Mirtha993,Emmerich580,,Johnston597,M,white,nonhispanic,F,Brockton  Massachusetts  US,916 Denesik Mews Suite 81,Lowell,Massachusetts,Middlesex County,25017,01854,42.64227930162387,-71.24704321650931,222315.81,156476.42,128936
9dfd45c6-9743-3e79-3d94-67d410fb287b,2011-07-07,,999-50-5014,,,,Jaqueline846,Queenie922,Gerhold939,,,,white,nonhispanic,F,Norwood  Massachusetts  US,974 Schneider Underpass,Quincy,Massachusetts,Norfolk County,25021,02186,42.301574735304335,-71.05848111620978,12404.89,273102.02,78458
9df0868c-b530-4b97-a9f0-b576896d3b2b,1973-04-13,,999-27-1482,S99926511,X48778287X,Mr.,José Emilio366,Gregorio366,Zepeda235,,,M,black,hispanic,M,Havana  Havana  CU,697 Koss Lane Unit 54,Boston,Massachusetts,Suffolk County,25025,02127,42.299938176170166,-71.136445329309,26900.65,930749.09,22441
7b5b54d1-4412-3aeb-9abd-9470ef15d527,1965-03-17,2021-02-21,999-35-1558,S99937210,X08686795X,Mr.,Marlin805,Pat3,Hegmann834,,,S,asian,nonhispanic,M,Beijing  Beijing Municipality  CN,955 Koepp Village Apt 9,Winchester,Massachusetts,Middlesex County,25017,01890,42.47799161755768,-71.09666373432243,118637.82,48154.55,57398
12f4ce0a-47e7-0565-c385-fd3c2748e75f,1974-10-29,,999-13-3559,S99978878,X93860229X,Mrs.,Lorena247,Clara183,Gil594,,Trejo396,M,white,hispanic,F,Lima  Lima Province  PE,691 Christiansen Key Suite 56,Salem,Massachusetts,Essex County,25009,01970,42.48855728114598,-70.89590716588985,432634.92,260408.81,80760
97688d9a-869a-43e0-6f3a-f0ba5d46edf3,2004-03-10,,999-41-7734,S99959083,X45449108X,Ms.,Sanda877,,Bechtelar572,,,,white,hispanic,F,Reading  Massachusetts  US,485 Barrows Village,Acushnet,Massachusetts,Bristol County,,00000,41.729173590228655,-70.92531278109107,57245.07,198461.54,38216
0732e58c-48b4-d312-fa98-c5e3bdb07804,1959-06-19,2017-01-15,999-30-7840,S99993039,X90412837X,Mr.,Waldo53,Kendrick479,Nolan344,,,M,white,nonhispanic,M,Dalton  Massachusetts  US,566 Marks Walk Apt 88,Randolph,Massachusetts,Norfolk County,25021,02368,42.221663820764135,-71.02280237735181,9962.82,137955.51,21483
47ae2f86-5a74-6ff5-0055-a342d8cf3420,1976-03-09,,999-35-9699,S99948560,X10776215X,Ms.,Marivel862,Brianne669,Dooley940,,,S,white,nonhispanic,F,Worcester  Massachusetts  US,199 White Village,Attleboro,Massachusetts,Bristol County,25005,02703,41.888563135530376,-71.29110110166948,11441.50,533193.22,12267
e75a3f11-10e7-1c23-47b7-8c93a61c869d,1958-05-17,,999-19-8796,S99937191,X89132795X,Ms.,Jessia669,Rosann381,McCullough561,,,S,white,nonhispanic,F,Bridgewater  Massachusetts  US,260 O'Kon Course,Salem,Massachusetts,Essex County,25009,01907,42.429695427138604,-70.86753596576705,968081.18,515481.72,48110
9a9eacdd-27ac-70f6-b9aa-6847c5629385,1990-06-23,,999-22-9736,S99979756,X39707103X,Mrs.,Coral377,Effie9,Orn563,,Emmerich580,M,white,nonhispanic,F,Boston  Massachusetts  US,500 Rodriguez Dale Unit 56,Amesbury,Massachusetts,Essex County,25009,01913,42.80705829287424,-70.99198474650001,316517.35,35437.91,97344
d9820f49-5de4-b9b2-eebc-b2279e9d2d2a,1979-10-06,,999-33-8890,S99985080,X52371275X,Mrs.,Sammie902,Salome647,Harris789,,VonRueden376,M,white,nonhispanic,F,Boston  Massachusetts  US,1056 Hodkiewicz Esplanade,Kingston,Massachusetts,Plymouth County,25023,02364,41.990150895569975,-70.75346814581509,231056.87,462748.81,25381
ae103f67-a473-2b8f-3fd6-cdae4a015330,1973-12-09,,999-11-4320,S99961637,X31013794X,Mr.,Nicholas495,Dan465,Romaguera67,,,M,white,hispanic,M,Medfield  Massachusetts  US,1007 Jast Mews Apt 47,Boxford,Massachusetts,Essex County,25009,01921,42.73305958843691,-70.98080248978833,47070.08,138118.93,965264
0cf4ba5f-a2b3-198f-4ccb-f92b39e0c19a,1965-03-17,,999-73-5154,S99966072,X45092562X,Mr.,Kris249,Dustin31,Anderson154,,,M,asian,nonhispanic,M,Shanghai  Shanghai Municipality  CN,780 Olson Pathway,Winchester,Massachusetts,Middlesex County,25017,01890,42.466154802362844,-71.13447254719578,121738.46,80771.61,57398
993ffaac-3dd9-dcae-9251-62390a42c979,1979-03-05,,999-50-3573,S99967240,X10765695X,Mrs.,Anissa357,Mireille557,Daniel959,,Willms744,M,black,nonhispanic,F,Beverly  Massachusetts  US,896 Konopelski Ville,Sturbridge,Massachusetts,Worcester County,25027,01566,42.1242192842952,-72.12578641474117,302395.37,713367.60,136798
be872495-8a2d-d547-720a-d2da2e591d9f,1998-07-31,,999-10-9445,S99921410,X79421007X,Mr.,Alden634,Chong355,Murphy561,,,,white,nonhispanic,M,Lawrence  Massachusetts  US,132 Kuhic Course,Boston,Massachusetts,Suffolk County,25025,02199,42.31482151543323,-71.09217817908826,50875.23,2359.14,69824
5a9429ab-9040-0cd2-c8ca-84332baa397e,1968-11-01,,999-10-3729,S99954043,X59007440X,Mrs.,Sharell873,Drucilla444,Wintheiser220,,Smith67,M,white,nonhispanic,F,Somerville  Massachusetts  US,852 Brakus Fork,Stoughton,Massachusetts,Norfolk County,,00000,42.154333677119716,-71.14336941242361,274125.01,494589.34,132791
12b1d54a-424d-4e86-5377-152cdad4397b,1956-03-26,,999-28-2688,S99938322,X40103444X,Mr.,Arlie183,Judson999,Hirthe744,,,M,white,nonhispanic,M,Lynn  Massachusetts  US,554 Harvey Wall Suite 48,Longmeadow,Massachusetts,Hampden County,25013,01106,42.0022018405238,-72.54225805805233,91865.05,713507.86,86762
e05e8bb7-d364-79f5-d21c-9bfe2e4f4bf4,1976-12-01,,999-21-4792,S99942709,X30924196X,Mrs.,Leah288,Annie941,Baumbach677,,Kub800,M,white,nonhispanic,F,Hudson  Massachusetts  US,289 Wiegand Crossing,Braintree,Massachusetts,Norfolk County,25021,02184,42.16948713060678,-71.02903116659695,184951.47,798245.26,25214
4ac6a258-049b-d6e6-055f-9ef82eac388c,1968-01-06,,999-48-2660,S99912792,X16538195X,Mr.,Micah422,,McClure239,,,D,white,nonhispanic,M,Lowell  Massachusetts  US,970 Bartoletti Parade,South Yarmouth,Massachusetts,Barnstable County,25001,02664,41.68843014778009,-70.15180680212971,110829.87,11008.85,181089
6034f743-f87a-a742-0428-de07c75b8be3,2015-04-21,,999-35-6507,,,,Ivory697,,Altenwerth646,,,,white,nonhispanic,M,Waltham  Massachusetts  US,963 Ullrich Dale,Gloucester,Massachusetts,Essex County,25009,01930,42.62971430878154,-70.6559724845134,29345.26,74485.49,160966
45737aa1-dcfe-7648-e555-9e2f8706a4a6,2009-01-05,,999-26-1452,S99991002,,,Karen597,,Oberbrunner298,,,,white,nonhispanic,F,West Springfield  Massachusetts  US,352 Ankunding Walk,Wakefield,Massachusetts,Middlesex County,25017,01880,42.58199515307316,-70.99667431727899,25974.61,29719.90,151663
e301aebc-d7fb-18e9-4102-33a2d6fa5325,2010-06-16,,999-65-5719,,,,Delphia725,Daphine453,Bradtke547,,,,white,nonhispanic,F,Lawrence  Massachusetts  US,535 Kub Ramp Suite 84,Quincy,Massachusetts,Norfolk County,25021,02186,42.31322682188975,-71.00219879246953,64499.88,34792.83,54118
dcc981dd-4c93-89a1-6132-38599ef033bc,2018-01-21,,999-69-9839,,,,Li461,Irish781,Jast432,,,,white,nonhispanic,F,Attleboro  Massachusetts  US,137 Predovic Pathway,Arlington,Massachusetts,Middlesex County,25017,02476,42.40865970304135,-71.16066652166484,5071.97,30482.83,43386
99ea6208-edc2-e16a-bf39-8ab18dcaccef,1959-06-19,2021-02-19,999-70-3805,S99969627,X62422933X,Mr.,Ricardo560,,Berge125,,,M,white,nonhispanic,M,Marshfield  Massachusetts  US,638 Kutch Park Unit 39,Randolph,Massachusetts,Norfolk County,25021,02368,42.12774121570622,-71.04726228853318,17452.37,389053.94,21483
752bd6e4-56b2-1cc7-ef58-e28b29fbd4ea,1982-12-17,,999-96-5145,S99974302,X89680891X,Mrs.,Virgil85,Katrina8,Pfeffer420,,Pacocha935,M,white,nonhispanic,F,Medford  Massachusetts  US,543 Gleason Grove Apt 62,Williamstown,Massachusetts,Berkshire County,25003,01267,42.695491798108606,-73.2583358730932,12331.70,683270.66,22951
bad5bd98-ca75-3a7c-726d-ef74adc559db,1970-12-31,,999-17-8863,S99964176,X68885926X,Ms.,Bobette685,,Buckridge80,,,S,white,nonhispanic,F,South Hadley  Massachusetts  US,1039 Predovic Route,Billerica,Massachusetts,Middlesex County,,00000,42.519327123524434,-71.22965518104772,294520.53,378154.25,156667
a708b699-9614-5fd2-f5ab-0978fa720231,1954-03-20,,999-68-3897,S99973861,X51052585X,Mrs.,Karena692,Joanie498,Baumbach677,,Simonis280,M,white,nonhispanic,F,Uxbridge  Massachusetts  US,776 Volkman Gateway Apt 84,Fall River,Massachusetts,Bristol County,25005,02747,41.743144608924915,-71.10371720510854,1409937.74,746961.90,87319
353e0b46-e91a-ddfc-2082-42fe2a661022,1960-02-13,,999-60-1324,S99919944,X54946356X,Mr.,Florencio463,Kerry175,Jerde200,,,M,white,nonhispanic,M,Revere  Massachusetts  US,170 Rath Throughway Unit 54,Falmouth,Massachusetts,Barnstable County,25001,02540,41.546890214879184,-70.60061468767007,100694.91,403327.43,32933
6c58fafc-a44f-68d1-06cc-08c583c54049,1960-02-12,,999-61-7951,S99932041,X94413187X,Mr.,Gerald181,,Kerluke267,,,M,white,nonhispanic,M,Sudbury  Massachusetts  US,980 Cronin Manor Suite 8,Brookline,Massachusetts,Norfolk County,25021,02446,42.388984519037784,-71.07784328458877,12307.32,316300.69,7664
e6e47d04-1591-8bc6-8b5d-4850b21ecb67,1975-12-27,,999-44-6382,S99918087,X20645134X,Mr.,Rashad361,Carson894,Schmeler639,,,D,white,nonhispanic,M,Lancaster  Massachusetts  US,170 Hickle Rest Unit 95,Canton,Massachusetts,Norfolk County,,00000,42.16781694924762,-71.16179193230452,107468.72,8260.43,77666
0b30199e-6fba-2e59-cec3-66fa162a2989,1962-02-06,,999-86-6430,S99924037,X68052030X,Mr.,Maurice742,Reggie481,Baumbach677,,,D,white,nonhispanic,M,Mansfield  Massachusetts  US,1053 Walter Center Suite 87,Agawam,Massachusetts,Hampden County,25013,01001,42.1106689519975,-72.63923071464154,160468.56,16097.48,139676
c389bd70-42e6-5615-6779-c73b612bf190,1997-05-30,,999-13-3262,S99945151,X92071496X,Mr.,Antwan357,Basil991,Wilderman619,,,M,white,nonhispanic,M,Worcester  Massachusetts  US,663 Grady Bay,Worcester,Massachusetts,Worcester County,25027,01583,42.352322442904835,-71.82871203135078,59140.62,49065.55,136103
0fff3e56-8ecf-a661-b247-50cee4e7274b,1973-10-13,,999-78-1413,S99957844,X95531451X,Mrs.,Trang668,,Buckridge80,,Runte676,M,white,nonhispanic,F,North Attleborough  Massachusetts  US,145 Kuhn Burg,Newbury,Massachusetts,Essex County,,00000,42.736387390236146,-70.86738423220804,251251.17,976131.20,154650
0fd8cbd2-a166-8ff1-4a3b-a7b5b520a34f,2017-05-06,,999-56-4741,,,,Hellen346,Kena893,Batz141,,,,white,nonhispanic,F,Littleton  Massachusetts  US,123 Beier Park,Mattapoisett,Massachusetts,Plymouth County,,00000,41.639753635488574,-70.76320313107365,15842.98,17159.23,66996
a97a88a7-33a3-635e-4a22-a305d16bdd7c,2019-04-05,,999-33-5521,,,,Monty345,Dillon740,Carter549,,,,white,nonhispanic,M,Southborough  Massachusetts  US,686 Waelchi Trafficway,Worcester,Massachusetts,Worcester County,25027,01583,42.362116974036084,-71.75370793068303,9885.21,8413.79,116714
96191bcb-8d84-d1d4-efc1-dd9cdbcad693,1999-05-18,,999-23-3029,S99989306,X28275576X,Mr.,Franklyn361,Samual455,Kunde533,,,,white,nonhispanic,M,Quincy  Massachusetts  US,1091 Wiegand Row,Leominster,Massachusetts,Worcester County,25027,01453,42.51022578732606,-71.77673884428661,87870.01,577996.91,68906
3f19ae90-b582-6330-cd78-81a1adb86abd,2006-08-03,,999-90-1193,S99999029,,Ms.,Aubrey96,Lu473,Bayer639,,,,white,nonhispanic,F,West Boylston  Massachusetts  US,529 Kuhlman Junction,South Amherst,Massachusetts,Hampshire County,,00000,42.32627166378889,-72.52747379935364,34550.37,44248.64,100915
b4f4aad6-daa3-018b-3baf-08262d1153e9,2004-02-22,,999-42-9160,S99955268,X94784917X,Ms.,Rosario163,Inés791,Riojas420,,,,white,hispanic,F,Marigot  Saint Andrew Parish  DM,721 Pfannerstill Village Suite 44,Douglas,Massachusetts,Worcester County,,00000,42.074290461122196,-71.76901728247974,55494.10,9397.95,93102
3f9cf5b2-e040-e3cd-d239-db69242a8861,2005-07-14,,999-52-7179,S99933557,X74546451X,Mr.,Adan632,Pablo44,VonRueden376,,,,white,nonhispanic,M,Somerset  Massachusetts  US,160 Gusikowski Parade Suite 65,Amherst Center,Massachusetts,Hampshire County,,00000,42.3531298501691,-72.56174669502124,3620.21,53680.07,10516
55677abc-4a6d-6cc0-1375-dc8f54166532,1956-04-04,,999-41-2295,S99959405,X46096403X,Mr.,Fernando603,Pablo44,Prado282,JD,,M,asian,hispanic,M,Santiago de los Caballeros  Santiago  DO,939 Schaefer Mews Apt 83,Boston,Massachusetts,Suffolk County,25025,02118,42.3096084384368,-71.02662219822578,61056.66,1010092.75,21163
50bf8c06-e0fe-08fe-ca9d-f468b8c62581,2021-04-23,,999-55-5312,,,,Iliana226,Nidia145,Pacocha935,,,,white,nonhispanic,F,Brewster  Massachusetts  US,1024 Kulas Fort,Cambridge,Massachusetts,Middlesex County,25017,02142,42.342838469489706,-71.21227922819983,1352.37,13846.80,20530
d8f49c06-a610-ee6f-a043-3e422fe0a911,1959-06-19,,999-69-1570,S99991052,X66265110X,Mr.,Orlando897,Roman389,Lebsack687,,,M,white,nonhispanic,M,Boston  Massachusetts  US,757 Koss Gateway,Randolph,Massachusetts,Norfolk County,25021,02368,42.21586951233357,-71.02839161828351,17481.22,219871.64,21483
9b7a4fec-3766-6d55-f350-dfdee13882c4,2001-07-20,,999-24-6551,S99957251,X71938783X,Ms.,Hortensia953,Jen355,Gibson10,,,,white,nonhispanic,F,Everett  Massachusetts  US,179 Gerlach Avenue Suite 58,Canton,Massachusetts,Norfolk County,,00000,42.14015009371964,-71.13017281562445,87402.49,299062.59,107711
913a1e40-8b1d-83be-b186-678238918dfa,1961-02-08,,999-58-4861,S99982915,X96574153X,Mrs.,Lavelle273,Elouise806,Wisozk929,,Glover433,M,white,nonhispanic,F,Everett  Massachusetts  US,379 Sipes Viaduct Unit 13,Somerville,Massachusetts,Middlesex County,25017,02138,42.42323763197468,-71.0966665424163,17759.57,722667.38,12459
6d7dc0b9-98c0-780f-a16f-a8b1e3fd4e8c,1954-10-23,,999-31-9855,S99943289,X13856648X,Mr.,Eldon28,Jere230,Cruickshank494,,,W,white,nonhispanic,M,Pepperell  Massachusetts  US,1066 Effertz Parade Apt 38,Malden,Massachusetts,Middlesex County,25017,02148,42.46124190288004,-71.06622941688121,224203.02,150615.27,143244
2d5fc77a-0ac3-8f85-a044-2b58db9797c2,2010-06-29,,999-95-5343,,,,Madelaine318,Maxine796,Lindgren255,,,,white,nonhispanic,F,Forestdale  Massachusetts  US,530 Streich Boulevard Apt 69,Salem,Massachusetts,Essex County,25009,01907,42.471554571778725,-70.88378079511787,2923.91,50724.32,25562
0643ce33-d539-2e62-b1fc-2f70f1708ba2,1968-07-25,2011-08-20,999-68-7533,S99952447,X12961751X,Mr.,Amado512,Cliff504,Yundt842,,,W,white,nonhispanic,M,Cochituate  Massachusetts  US,172 Feeney Common,Leominster,Massachusetts,Worcester County,25027,01453,42.47937000921451,-71.74852833006065,75735.19,258207.21,142643
76be1268-218d-ae37-1409-d4e3c14ff9fa,2003-10-31,,999-93-7705,S99959414,X60604942X,Ms.,Mercedes82,Lourdes258,Villarreal550,,,,white,hispanic,F,San Juan  Puerto Rico  PR,457 Kerluke Quay Unit 88,Springfield,Massachusetts,Hampden County,25013,01104,42.0427395497131,-72.5363458554624,43281.28,815018.80,73053
73754b14-43ce-1e1e-04da-255f29ee8899,1978-11-25,,999-36-9096,S99940236,X22708370X,Mrs.,Tonia627,,McCullough561,,Sanford861,M,white,nonhispanic,F,Cohasset  Massachusetts  US,667 Kihn Harbor Apt 77,Cambridge,Massachusetts,Middlesex County,25017,02142,42.41174522180318,-71.09850114456003,69013.75,1416975.74,962433
5674e0ea-c718-1cfd-4114-b4942bd0dcdb,1948-03-10,,999-32-5298,S99963117,X91311893X,Mrs.,Laila673,Susana117,Smitham825,,Denesik803,D,white,nonhispanic,F,Edgartown  Massachusetts  US,887 Fritsch Bay,Lowell,Massachusetts,Middlesex County,25017,01854,42.604017103627584,-71.3650590987779,593897.89,435371.56,68758
5e7f961e-93a3-5ff4-99b0-5eef23202e69,1968-04-16,,999-66-4775,S99987702,X82983630X,Mr.,Enoch803,Bertram873,Emmerich580,,,W,black,hispanic,M,Brewster  Massachusetts  US,647 Kiehn Crossroad,Franklin,Massachusetts,Norfolk County,25021,02038,42.06794424647362,-71.38753230300976,188735.48,108803.99,71387
b72fc200-93d2-43c3-e381-c5f2d490878d,1992-07-01,,999-34-3431,S99938094,X50590292X,Ms.,Barabara924,Kathryne752,Jaskolski867,,,S,white,nonhispanic,F,Springfield  Massachusetts  US,368 Berge Park,Norwell,Massachusetts,Plymouth County,,00000,42.13407787114834,-70.83786286509486,180754.68,315850.93,142818
1c490fff-8bdf-2a0d-58db-74372b7da3da,2020-05-06,,999-78-9265,,,,Preston275,,Schowalter414,,,,white,hispanic,M,Shirley  Massachusetts  US,393 Powlowski Hollow Unit 59,Rehoboth,Massachusetts,Bristol County,,00000,41.8568540701118,-71.2377928992755,20714.06,5183.00,344703
97034327-a4ca-49de-f56a-dd576ca1f133,1988-11-24,,999-88-6110,S99942866,X83274111X,Mr.,Jason347,Ray930,Corwin846,,,M,white,hispanic,M,Fall River  Massachusetts  US,792 Tremblay Parade Apt 92,Holbrook,Massachusetts,Norfolk County,25021,02368,42.1283522836626,-71.03787397163869,71799.78,22709.21,30959
e843946a-ff55-9a84-5bd1-449c5c5dfed9,1945-07-30,2023-09-09,999-75-8221,S99939530,X53725841X,Mrs.,Nichol11,Vernetta697,Hartmann983,,Mills423,M,white,nonhispanic,F,Rockland  Massachusetts  US,505 Mohr Bridge,West Springfield,Massachusetts,Hampden County,25013,01089,42.085923773100866,-72.69059881552673,1162028.14,205135.80,119822
edd9ab37-b9a8-6fdb-447b-1605d362edb5,1988-03-30,,999-27-6310,S99913549,X99447632X,Mr.,Jorge203,Javier97,Vera718,,,M,white,hispanic,M,Caguas  Puerto Rico  PR,287 Volkman Port Apt 92,Chelmsford,Massachusetts,Middlesex County,,00000,42.55837194255086,-71.34056773118154,436098.93,388449.94,50778
ad16681a-d304-ed0f-55c8-483b4d05a9fc,1966-02-04,,999-19-7279,S99962774,X13487943X,Mrs.,Linnie39,Linsey338,Connelly992,,Reynolds644,W,white,nonhispanic,F,Plymouth  Massachusetts  US,364 Shanahan View,Chelmsford,Massachusetts,Middlesex County,,00000,42.6065187111458,-71.37062422649954,179289.97,702063.40,147354
be4d78b4-ea77-7902-ac74-2ab67508357e,1981-08-13,,999-24-2031,S99946570,X64141063X,Mr.,Sancho742,Miguel815,Galindo802,,,M,white,hispanic,M,Bogota  Bogota  CO,819 Brakus Trace Suite 37,Athol,Massachusetts,Worcester County,25027,01331,42.55206809989713,-72.20760497269147,155854.52,24722.27,102788
e16eea09-5e95-b9d6-6828-a8b10a0897ce,1988-11-26,,999-87-1553,S99965433,X69709389X,Mr.,Len277,,Pouros728,,,M,white,nonhispanic,M,Boston  Massachusetts  US,1029 Romaguera Spur Apt 99,Norwood,Massachusetts,Norfolk County,25021,02062,42.15394398419099,-71.22696522399256,34315.17,30360.13,267330
285a7adf-6c9b-dc52-3adb-c3dccde317d0,2024-12-23,,999-78-9226,,,,Ayako221,,Parker433,,,,white,nonhispanic,F,Agawam  Massachusetts  US,786 Hessel Road Apt 73,Lowell,Massachusetts,Middlesex County,25017,01851,42.65395198955699,-71.256343698267,6179.57,128.35,183855
325a3cbc-4186-c4b5-eef9-8d61b05428c2,2015-03-21,,999-24-9464,,,,Desmond566,Renaldo199,DuBuque211,,,,white,nonhispanic,M,Quincy  Massachusetts  US,475 Fisher Glen,Norton,Massachusetts,Bristol County,,00000,41.98691142110732,-71.18798938894619,20747.55,9550.61,26428
4e75a7d7-becc-1df9-424c-60d9e29e24fb,1972-12-12,,999-63-3749,S99944924,X39463881X,Mr.,Brady998,Rupert654,Flatley871,,,M,white,nonhispanic,M,Saugus  Massachusetts  US,528 Price Estate Suite 42,Barnstable,Massachusetts,Barnstable County,25001,02637,41.73420802333449,-70.30843465225236,432418.52,342571.07,83643
29c1271b-6ffa-eee0-1df2-cc37cb2e0ce5,1954-06-28,2019-11-25,999-85-9322,S99970014,X40930696X,Mr.,Lionel365,Eldridge510,Labadie908,,,M,white,nonhispanic,M,Waltham  Massachusetts  US,986 Bruen Ramp Unit 76,Fall River,Massachusetts,Bristol County,25005,02720,41.71695388241552,-71.14741423602614,238291.24,813510.63,23845
c95f393e-e574-d488-d6f1-4d6f9e8ad576,2012-09-05,,999-77-9321,,,,Leo278,Robena997,Schaden604,,,,white,nonhispanic,F,Wareham  Massachusetts  US,893 Wisozk Stravenue,Andover,Massachusetts,Essex County,25009,01810,42.678203564021345,-71.14338066098892,42354.46,3150.33,55667
a161fd0f-8e17-5dab-ad87-cc123061f5f2,1974-07-12,,999-12-8098,S99996628,X67217014X,Mrs.,Janel230,,Kunze215,,Pfeffer420,M,white,hispanic,F,Woburn  Massachusetts  US,717 Kautzer Crossing Suite 70,Revere,Massachusetts,Suffolk County,25025,02151,42.40863704550153,-70.97914131938413,717369.80,599133.17,43257
d4b95c1b-30f0-b187-e3ab-e68a4e388fed,1968-07-25,,999-58-7970,S99963292,X10599066X,Mr.,Hugh686,Joe656,Kertzmann286,,,M,white,nonhispanic,M,Waltham  Massachusetts  US,843 Pfannerstill Frontage road,Leominster,Massachusetts,Worcester County,25027,01453,42.57520722095489,-71.83267245816174,217639.46,77389.88,142643
c64c7451-d5e4-a410-98dc-36f553623fd5,1966-12-28,,999-55-8345,S99942835,X68561325X,Mrs.,Kelli207,Mikki421,Baumbach677,,Ruecker817,M,white,nonhispanic,F,Quincy  Massachusetts  US,244 Legros Trailer,Medford,Massachusetts,Middlesex County,25017,02145,42.47293272303812,-71.14385489084441,282247.65,6428.79,92119
1c3ae416-cc2d-1790-f016-0958ae3bfcf7,2025-06-07,,999-36-6988,,,,Veronica155,Nanci249,Huel628,,,,white,nonhispanic,F,Springfield  Massachusetts  US,1010 Mayer Estate,North Andover,Massachusetts,Essex County,,00000,42.67654863074702,-71.12432264233269,100.00,2153.78,10689
60ed6dd8-0cc3-e3cb-beb5-963d01b885c9,1994-06-17,,999-69-6571,S99955981,X39816584X,Mr.,Jarrod316,Clint766,Mitchell808,,,S,white,nonhispanic,M,Arlington  Massachusetts  US,861 Windler Park,Framingham,Massachusetts,Middlesex County,25017,01701,42.27228481337079,-71.47816509337014,6630.94,102297.97,10133
ffbd34ed-a309-eba8-c5fd-333e21c3d902,1956-11-14,,999-80-9483,S99914577,X69858626X,Mrs.,Classie132,Josie226,Lehner980,,Wintheiser220,M,white,nonhispanic,F,Medford  Massachusetts  US,814 Lehner Orchard Apt 48,Middleborough,Massachusetts,Plymouth County,,00000,41.84739903022696,-70.9118357871646,1638374.47,1450264.85,96672
c1307f3e-3dc8-2b19-c149-ce721b823c3c,1995-08-09,,999-14-2294,S99950209,X41691257X,Mrs.,Svetlana462,,Heidenreich818,,Schoen8,M,black,nonhispanic,F,Barnstable  Massachusetts  US,387 West Trail Apt 72,Norton,Massachusetts,Bristol County,,00000,41.982178025153836,-71.21703111823561,184925.72,852219.86,177378
edcbfa7e-e0c1-7f12-7540-6b166cdcd91c,1972-12-13,,999-50-1703,S99938683,X39309875X,Mrs.,Sheri207,Lanora971,Schinner682,,Streich926,M,asian,nonhispanic,F,Framingham  Massachusetts  US,208 Dibbert Row Unit 91,Westwood,Massachusetts,Norfolk County,,00000,42.175760108573336,-71.2624047618649,336447.45,738503.94,338002
ffca7c3c-f7cd-7efa-9536-26a620ea1e53,1965-05-05,2023-12-11,999-98-8532,S99931140,X57402051X,Mr.,Vern731,Wilbur107,Schulist381,,,M,white,nonhispanic,M,Georgetown  Massachusetts  US,145 Huels Avenue Unit 22,Newburyport,Massachusetts,Essex County,25009,01951,42.76930560059737,-70.88152374166035,155073.64,274763.69,119393
b676ed1b-4ad5-7b1b-08a4-02ab910cfaa9,1984-11-15,,999-60-6203,S99994331,X54391911X,Mr.,Herb645,Reinaldo138,Greenholt190,PhD,,M,white,nonhispanic,M,Springfield  Massachusetts  US,196 Hodkiewicz Course Suite 63,Douglas,Massachusetts,Worcester County,,00000,42.05980220451646,-71.74385499125373,99191.05,9221.53,64570
a4ddfd7a-0223-56fa-0d71-b60454c53626,1944-10-21,,999-53-3457,S99937925,X41372572X,Mr.,Phillip440,Frank378,Eichmann909,MD,,W,white,nonhispanic,M,Westborough  Massachusetts  US,811 Predovic Harbor,Boston,Massachusetts,Suffolk County,25025,02210,42.33006332391049,-71.1143324370122,266205.05,117991.41,101735
c31b2723-86eb-d3d5-c54a-072304203f29,2012-06-01,,999-54-8692,,,,Harley673,Oliver401,Connelly992,,,,white,hispanic,M,Fall River  Massachusetts  US,818 Bernhard Route,Westfield,Massachusetts,Hampden County,25013,01086,42.13018827420086,-72.79206734024363,2612.50,38701.63,11164
5d84ad4c-134d-e91e-9c65-4d06d2b34b6c,2011-08-15,,999-73-5004,,,,Fatima244,,Flatley871,,,,white,nonhispanic,F,Boston  Massachusetts  US,107 Corkery Lock,Peabody,Massachusetts,Essex County,25009,01960,42.53510559440175,-70.92845579286703,25450.40,24538.05,160086
b33d68ac-768e-a161-f9d1-65268272c90c,1945-07-30,,999-47-3113,S99994748,X55807277X,Mrs.,Pauletta164,Merle11,Hettinger594,,Stiedemann542,M,white,nonhispanic,F,Andover  Massachusetts  US,553 Ondricka Light,West Springfield,Massachusetts,Hampden County,25013,01089,42.13686166212712,-72.69653934460048,784996.72,148412.58,119822
529a72b2-dbde-8f4b-a380-2952713fce47,2019-11-22,,999-18-2631,,,,Marc757,Sidney996,Beer512,,,,white,nonhispanic,M,Williamstown  Massachusetts  US,311 Osinski Drive,Cambridge,Massachusetts,Middlesex County,25017,02142,42.34819050963609,-71.10698037960093,7359.78,27980.33,75143
07b29747-6aea-276c-98d3-342e8c27ec36,1978-03-13,,999-48-8964,S99972343,X00404016X,Mr.,Cole117,,Fisher429,,,M,white,nonhispanic,M,Foxborough  Massachusetts  US,377 Medhurst Pathway Suite 25,Boston,Massachusetts,Suffolk County,25025,02115,42.39806144403138,-70.97934798811562,93409.63,5045.04,177093
6d2b5f0f-78eb-98d6-d1b6-54dc1f100932,2002-10-28,,999-56-8852,S99993965,X80672627X,Ms.,Carlos172,Shaunte610,Wehner319,,,,white,nonhispanic,F,Pittsfield  Massachusetts  US,698 Christiansen Spur Unit 62,Orleans,Massachusetts,Barnstable County,25001,02653,41.76240500985781,-69.94838940582038,110016.61,348080.36,30554
be67281d-8c16-dfb3-430b-9459198ff35c,1974-09-01,,999-77-6224,S99917319,X82221866X,Mrs.,Luann880,Monnie762,Huel628,,Reichel38,M,white,nonhispanic,F,Woburn  Massachusetts  US,321 Koepp Orchard Suite 8,Amherst,Massachusetts,Hampshire County,,00000,42.343389217820125,-72.48002535101877,359955.82,245269.98,70281
aac55193-f00b-6abe-f549-db66cdb39cc8,2000-05-14,,999-79-3627,S99916829,X94963379X,Mr.,Luigi346,,Muller251,,,,black,nonhispanic,M,Hopedale  Massachusetts  US,465 Ruecker Terrace Apt 17,Needham,Massachusetts,Norfolk County,25021,02492,42.26063539509589,-71.27633872292141,122277.16,497086.04,164598
83418a43-c9e2-5369-6da5-53b534365fa6,2002-11-03,,999-91-4138,S99916764,X74417733X,Mr.,Jesus702,Gayle448,Dibbert990,,,,white,nonhispanic,M,Everett  Massachusetts  US,133 Daugherty Bypass Apt 56,Wakefield,Massachusetts,Middlesex County,25017,01880,42.58065105024536,-71.05112378156358,70871.67,278338.67,81960
0823d06f-731e-8cec-bfb9-c886fa7f500a,2008-10-19,,999-37-9715,S99995370,,,Byron202,Lyndon118,Fisher429,,,,black,nonhispanic,M,Newton  Massachusetts  US,157 Rutherford Glen Apt 55,East Longmeadow,Massachusetts,Hampden County,,00000,42.101523734808474,-72.5240140577384,54402.03,0.00,149453
510ec2a8-dc49-8c45-c63d-cab905db6a8c,1970-07-30,,999-11-4407,S99954899,X69900294X,Mr.,Wilson960,Arturo47,Pfannerstill264,,,D,white,nonhispanic,M,Lawrence  Massachusetts  US,360 Mayer Manor,Pembroke,Massachusetts,Plymouth County,,00000,42.05495264043252,-70.77964488830506,231262.25,63792.53,142402
b8155808-5fa7-3af4-e81e-ccb7e788a61c,2022-01-01,,999-64-9502,,,,Elvis145,Dave764,Zemlak964,,,,white,nonhispanic,M,Everett  Massachusetts  US,989 Volkman Drive Unit 10,Boston,Massachusetts,Suffolk County,25025,02152,42.358486833517844,-71.17230202834922,6732.71,7796.43,123927
668aea23-1012-c912-307e-a45c68cddae9,1964-09-05,,999-99-6356,S99959674,X03945275X,Mr.,Dick869,Lionel365,Hickle134,PhD,,M,white,nonhispanic,M,Somerset  Massachusetts  US,801 Strosin Promenade Unit 42,Somerville,Massachusetts,Middlesex County,25017,02143,42.42399514302074,-71.11301104326276,145792.25,99418.42,95993
7a8a8099-020b-e074-148a-8d55ea6c5487,1988-10-17,,999-17-7641,S99956099,X29655529X,Mrs.,Hana676,Denice974,Toy286,,Howell947,M,white,nonhispanic,F,South Dennis  Massachusetts  US,557 Gerhold Bypass Suite 19,Quincy,Massachusetts,Norfolk County,25021,02170,42.28582924083248,-71.06678495935607,125861.76,448962.35,34231
c727bfdf-0726-2e4f-b71d-4280a58333be,2007-01-11,,999-98-4654,S99924606,,Ms.,Sumiko254,,Ledner144,,,,white,nonhispanic,F,Falmouth  Massachusetts  US,976 Nolan Lock Unit 58,Lowell,Massachusetts,Middlesex County,25017,01852,42.69218550360524,-71.3515655937041,4012.82,66151.60,1609
c806dd06-8e0d-83df-17d6-7a602e2e5697,2006-03-31,,999-94-3662,S99986867,,Mr.,Martin117,Damien170,Hauck852,,,,white,nonhispanic,M,Somerville  Massachusetts  US,1014 Larkin Fort Suite 46,Shirley,Massachusetts,Middlesex County,25017,01464,42.57819843715167,-71.66540800011256,31657.62,30195.60,94858
2156396b-a820-c494-bd64-bbbdd88441d7,2022-03-28,,999-69-3981,,,,Marx778,Lydia759,Beier427,,,,white,nonhispanic,F,Southbridge  Massachusetts  US,778 Armstrong Hollow Suite 57,Boston,Massachusetts,Suffolk County,25025,02134,42.34312707249798,-71.08854501013661,750.00,9192.16,23891
f75c6b35-f73e-591b-29ed-8ed0ece67899,1998-09-06,,999-68-1435,S99953481,X36639519X,Mr.,Bertram873,Salvatore257,Bradtke547,,,,white,nonhispanic,M,Medway  Massachusetts  US,257 Brown Ramp,Boston,Massachusetts,Suffolk County,25025,02131,42.380644186110025,-71.03176936579588,61632.42,12952.10,903968
49c0f7d5-c58d-ad7d-4161-4fcded57bfff,2002-03-09,,999-96-2238,S99981010,X49809603X,Mr.,Leo278,Jesus702,Boehm581,,,,white,nonhispanic,M,Burlington  Massachusetts  US,308 Mayert Crossroad Apt 1,Leominster,Massachusetts,Worcester County,25027,01453,42.47257746665423,-71.80785130430424,5084.21,68712.83,11326
b10788ab-f2a6-27c5-4da1-e44bf739de4a,1974-04-23,,999-96-4147,S99940813,X19416018X,Mr.,Kasey569,Stefan297,Collins926,,,D,white,nonhispanic,M,Newton  Massachusetts  US,691 Gerhold Dale Apt 1,Blackstone,Massachusetts,Worcester County,,00000,42.078903665449616,-71.54598323877562,120104.80,15300.41,56287
3d36145a-5128-8b1b-213a-64a304bb693b,2008-12-22,,999-37-5077,S99930951,,,Victor265,Rodger755,Nienow652,,,,asian,nonhispanic,M,Everett  Massachusetts  US,272 Raynor Pathway Unit 11,Amherst,Massachusetts,Hampshire County,,00000,42.369581131649454,-72.51247481022718,12971.73,80400.22,67156
ff1c2921-c7c3-65d1-7c3e-04bb92f4e823,1999-06-04,,999-34-6589,S99989574,X98985817X,Ms.,Scott935,Noelle559,Johnston597,,,,black,nonhispanic,F,Fall River  Massachusetts  US,926 Oberbrunner Bridge,Boston,Massachusetts,Suffolk County,25025,02152,42.38591172006585,-71.062781663042,6876.69,254949.86,22126
71f76602-bfc1-1bcf-f331-e5d20d716d33,1998-07-20,,999-89-8718,S99959041,X04560734X,Mr.,Marvin195,Rogelio17,White193,,,,white,nonhispanic,M,Westport  Massachusetts  US,1072 Douglas Route,Dartmouth,Massachusetts,Bristol County,,00000,41.533144955237994,-70.93455117980355,64561.46,936.77,129359
71c7e89c-4494-f412-656c-a165e26b7dad,1966-09-09,,999-32-5179,S99953833,X64939386X,Mr.,Sergio619,,Sisneros410,,,M,asian,hispanic,M,Puebla  Puebla  MX,1052 Jaskolski Brook Unit 76,Boston,Massachusetts,Suffolk County,25025,02135,42.332422643219346,-71.06524379666318,149458.98,14034.40,151315
c38570f6-a6b1-6aaf-3d59-204fc8aed098,1929-11-30,,999-33-1681,S99923298,X22491975X,Mrs.,Jani266,Edra310,Ondricka197,,Kub800,M,white,nonhispanic,F,Plymouth  Massachusetts  US,857 Koch Terrace,Medford,Massachusetts,Middlesex County,25017,02145,42.40500446137788,-71.09957912858606,503179.22,2227368.34,131662
eb978c5e-6478-f1ef-ed94-45bc74b827c4,2018-02-21,,999-80-5034,,,,Waldo53,,Sauer652,,,,white,nonhispanic,M,West Concord  Massachusetts  US,903 Feeney Road,Hampden,Massachusetts,Hampden County,,00000,42.06094378634584,-72.46294093995083,17876.75,63.18,192912
3e05cf2a-b6ff-496c-19ba-0c8dd1a4f410,2012-03-07,,999-27-8978,,,,Danika134,,Hilll811,,,,white,nonhispanic,F,Bourne  Massachusetts  US,505 Carroll Underpass Unit 39,Fairhaven,Massachusetts,Bristol County,,00000,41.59246950583711,-70.85049187067472,20116.33,15650.28,190121
3c067e67-a65f-e852-918f-3bb26f670583,1977-04-02,,999-57-8299,S99994303,X32493606X,Mrs.,Pa577,,Bartoletti50,,Larson43,M,white,hispanic,F,Beverly  Massachusetts  US,656 Schumm Frontage road,Lancaster,Massachusetts,Worcester County,,00000,42.44113973859575,-71.71622461048912,332580.66,1332598.15,157045
71de0513-743d-e1b9-5453-e4c6c99028a1,2010-01-25,,999-67-8334,,,,Hilde556,Maureen515,Macejkovic424,,,,white,nonhispanic,F,Boston  Massachusetts  US,925 Fay Knoll Suite 37,Milford,Massachusetts,Worcester County,25027,01757,42.135459636719375,-71.48527805432356,63396.46,5365.92,82365
9a1713ef-7372-5edb-054e-fa5259d3f328,1931-04-14,1941-08-08,999-37-1244,,,,Young120,Hung902,Schamberger479,,,,white,nonhispanic,M,Lowell  Massachusetts  US,325 O'Reilly Bypass,Peabody,Massachusetts,Essex County,25009,01960,42.49388820897784,-70.9267325237016,2700.00,23201.28,10036
a7f504c2-2bbd-8883-e83b-81d78783fcaa,1970-09-30,,999-50-4557,S99975710,X01109405X,Mrs.,Ludivina884,,Emard19,,Roob72,M,white,nonhispanic,F,Cambridge  Massachusetts  US,100 Heathcote Divide Suite 13,Methuen,Massachusetts,Essex County,25009,01844,42.77186682350344,-71.18407071882446,203119.02,1031083.65,464729
b947c25f-6aa0-b1c3-3307-852b4a9351cc,1973-05-07,,999-74-2692,S99990052,X47692921X,Mr.,Cleo27,,Hilll811,,,S,white,nonhispanic,M,Springfield  Massachusetts  US,917 Beer Burg Apt 77,Walpole,Massachusetts,Norfolk County,25021,02081,42.10014469388006,-71.25966237195293,103755.21,20958.28,181544
40136a78-605d-79b8-9f3f-5ba3266eea57,1972-12-29,,999-34-3378,S99975553,X55616792X,Mr.,Kerry175,,Williamson769,,,D,white,nonhispanic,M,Boston  Massachusetts  US,778 Rodriguez Promenade,Greenfield,Massachusetts,Franklin County,25011,01301,42.60641874129551,-72.55414871450988,170417.47,29871.63,153038
a3507cec-7c8e-ffee-d997-ea67e355900c,2000-07-26,,999-99-5461,S99942648,X10292250X,Mr.,Pedro316,Jewell855,Heidenreich818,,,,white,nonhispanic,M,Lowell  Massachusetts  US,655 Rice Rest,Mansfield,Massachusetts,Bristol County,,00000,42.026928175852525,-71.19493207515428,60776.82,22110.85,42035
d466a4f6-7840-8e51-d18a-53eeebf272b3,1974-04-22,,999-65-3847,S99978015,X63571101X,Ms.,Nevada145,Raylene798,Hintz995,,,S,white,hispanic,F,Lowell  Massachusetts  US,716 Cartwright Rue Suite 32,Wareham,Massachusetts,Plymouth County,,00000,41.76673938544077,-70.69998529597922,524591.61,444274.93,118627
4433e27f-9451-14a9-f6a0-a8a6850a285d,2022-12-24,,999-37-8084,,,,Daisy746,Kaylene27,McClure239,,,,white,nonhispanic,F,Hancock  Massachusetts  US,748 Deckow Trace Apt 58,Medford,Massachusetts,Middlesex County,25017,02145,42.40696829285282,-71.12857967914304,11102.96,0.00,149663
927da34a-e676-fd68-ee97-7f9a80a1966e,1952-08-06,,999-61-7318,S99956212,X56200019X,Mr.,Eldridge510,Antione404,Stracke611,,,M,white,nonhispanic,M,Beverly  Massachusetts  US,453 Bernier Frontage road Unit 53,Wenham,Massachusetts,Essex County,,00000,42.62206303977197,-70.86286131421004,100330.29,237939.75,295979
8e53d450-0930-6837-0438-5df738dbe273,1967-05-24,,999-39-2170,S99949360,X56411648X,Mr.,Fernando603,José María211,Arguello39,,,M,white,hispanic,M,Wesley  Saint Andrew Parish  DM,298 Hand Trace,Westfield,Massachusetts,Hampden County,25013,01085,42.14202965199533,-72.75315256707734,13303.88,327463.83,14304
0acc38ca-90a4-d695-3545-630a1db923bd,1968-12-10,2022-04-26,999-62-9299,S99940364,X89573343X,Mr.,Ivory697,Elvis145,Homenick806,,,D,white,nonhispanic,M,Waltham  Massachusetts  US,557 Okuneva Corner,Norfolk,Massachusetts,Norfolk County,,00000,42.13352538636823,-71.33546082022231,133644.32,3551931.10,585910
3aaaf949-857a-41bb-79c5-3f96c0eb00e6,2018-06-11,,999-61-6987,,,,Toney527,,Fritsch593,,,,white,nonhispanic,M,Boston  Massachusetts  US,872 Harber Skyway,Millis,Massachusetts,Norfolk County,,00000,42.213841843408176,-71.31719497764485,15318.25,0.00,163789
10bddbc4-cc04-6aeb-99c6-a3287d6527e2,1961-12-25,2025-04-23,999-18-6858,S99943721,X17806953X,Mrs.,Thalia561,Leonor133,Quigley282,,Schumm995,M,white,nonhispanic,F,North Amherst  Massachusetts  US,439 Ledner Ranch Apt 14,Springfield,Massachusetts,Hampden County,25013,01106,42.090573411383936,-72.54305174570244,659364.49,181760.77,71394
4dd1665b-6856-d4f8-485d-11fc74ff7537,1999-11-01,,999-51-6171,S99978995,X74745595X,Mr.,Hosea56,Eloy929,Hickle134,,,,black,nonhispanic,M,Danvers  Massachusetts  US,991 Hansen Vista,Pittsfield,Massachusetts,Berkshire County,25003,01201,42.41597186947682,-73.30710591414316,77678.23,195645.85,28671
f022c445-55c7-15f6-27ff-bd5c7a991522,1987-01-01,,999-46-2198,S99966418,X25897383X,Mrs.,Ela754,,Hintz995,,Crooks415,M,white,nonhispanic,F,Springfield  Massachusetts  US,275 Schulist Bypass Unit 63,Framingham,Massachusetts,Middlesex County,25017,01701,42.27536464524397,-71.4431206461839,11992.80,649070.49,9009
2cfacdad-91af-54bc-d561-5ff278b68cd9,1955-10-12,,999-53-5092,S99936191,X25806849X,Mrs.,Rickie717,Yevette778,Jacobson885,,Gleichner915,M,white,nonhispanic,F,Lawrence  Massachusetts  US,1065 Swift Knoll Unit 67,Deerfield,Massachusetts,Franklin County,25011,01342,42.50601975102767,-72.56631625424039,27647.35,1275650.00,16610
3e78619c-9467-d99c-8603-74da5406a735,1965-05-05,,999-38-3691,S99921854,X15116298X,Mr.,Merlin721,Les282,Walker122,,,M,white,nonhispanic,M,Wellesley  Massachusetts  US,654 Keebler Trace,Newburyport,Massachusetts,Essex County,25009,01950,42.78683597004027,-70.85391328153848,157882.15,285398.67,119393
4da9780d-75af-0a6b-743c-095b95c472f7,1962-12-15,,999-28-4246,S99925618,X08529849X,Mrs.,Julietta740,Suk497,Beer512,,Dietrich576,M,white,nonhispanic,F,Ayer  Massachusetts  US,1093 Kessler Gateway Suite 35,Scituate,Massachusetts,Plymouth County,25023,02066,42.23014366096593,-70.76962767627982,481238.77,17219.94,93473
5f377e42-55ed-abb2-11ed-efe30da8052f,2009-07-23,,999-22-4884,S99931734,,,Colton403,Isaac321,Spinka232,,,,white,nonhispanic,M,Newton  Massachusetts  US,726 Torp Fort Unit 43,Cambridge,Massachusetts,Middlesex County,25017,02139,42.403859411448515,-71.1345470695347,9226.11,589666.01,58411
6383c322-196d-1ec4-e01c-91e39c55b0c4,1989-03-25,,999-54-9687,S99944680,X75153706X,Mr.,Efren426,Gaylord332,Mante251,,,M,white,nonhispanic,M,White Island Shores  Massachusetts  US,776 Jacobs Junction Suite 23,Gardner,Massachusetts,Worcester County,25027,01440,42.58510561606642,-72.0342021597995,60725.76,0.00,60114
ce9c8e99-0d34-0ad0-04f2-65eb105d7819,2004-06-08,,999-36-8511,S99972619,X03866560X,Ms.,Arlette667,Madelaine318,Franecki195,,,,white,nonhispanic,F,Boston  Massachusetts  US,866 Cremin Common Suite 82,Taunton,Massachusetts,Bristol County,25005,02718,41.92298063928017,-71.09256252733165,94744.76,545786.11,97487
ab770c1e-27fe-3a96-97e9-3086a8f4c8f3,2016-10-23,,999-11-4813,,,,Ernestina649,Cherry401,Muller251,,,,white,nonhispanic,F,Orange  Massachusetts  US,529 Kunde Bay,Billerica,Massachusetts,Middlesex County,,00000,42.5372381585432,-71.22000322086322,17314.62,0.00,105252
424fb584-e150-4fe6-1691-f29fb0658528,1968-12-10,,999-62-1329,S99975142,X15919639X,Mr.,Allen322,Emerson869,Jerde200,,,S,white,nonhispanic,M,New Bedford  Massachusetts  US,427 Altenwerth Lane Suite 57,Norfolk,Massachusetts,Norfolk County,,00000,42.10132112937405,-71.28841118120297,177646.90,25509.25,585910
b54991a7-ee2a-da3d-31ec-a2ea15caa255,1956-12-04,1966-02-20,999-17-9028,,,,Nell215,Roxann426,Bauch723,,,,white,nonhispanic,F,Everett  Massachusetts  US,864 Schaden Lodge Apt 6,Lynn,Massachusetts,Essex County,25009,01904,42.50414893038235,-70.9391846789666,24412.33,0.00,52641
9bf0ab70-fda1-86f8-3114-046de0c3e2c3,2001-09-16,,999-35-5103,S99973758,X30988891X,Mr.,Tory770,,Barton704,,,,white,nonhispanic,M,Marlborough  Massachusetts  US,180 DuBuque Viaduct,Lynn,Massachusetts,Essex County,25009,01904,42.454416968579544,-70.89520308514713,5111.48,144027.72,2585
a743fc6c-76d3-7c55-7de7-03972782679c,1961-12-25,,999-19-1982,S99950222,X90622241X,Mrs.,Lonna614,Angel97,Daugherty69,,Haag279,D,white,nonhispanic,F,Townsend  Massachusetts  US,520 Flatley Manor Suite 63,Springfield,Massachusetts,Hampden County,25013,01109,42.13107506408707,-72.47828129883891,549442.14,259110.59,71394
2dbcd0fa-fac5-8232-d076-77998aedd424,1981-07-05,,999-49-9490,S99945171,X67556919X,Mr.,Bernardo699,Wyatt967,Stokes453,,,M,white,nonhispanic,M,Salisbury  Massachusetts  US,179 O'Conner Underpass Apt 71,Saugus,Massachusetts,Essex County,25009,01906,42.44384990664897,-70.98535005766676,93559.62,0.00,56417
471c7a30-75a2-7bff-6fea-42dac6e79be5,2016-05-31,,999-76-1928,,,,Errol226,Edmond919,Wiegand701,,,,white,nonhispanic,M,Holliston  Massachusetts  US,109 Jakubowski Vale,West Springfield,Massachusetts,Hampden County,25013,01089,42.11967907147086,-72.69727768473118,1845.86,33519.27,19259
db6cad89-234c-26b9-98e6-04d6756740b3,1969-07-16,,999-46-4009,S99965693,X93156106X,Mrs.,Jennette837,Rosaria177,Wisozk929,,Heidenreich818,D,white,nonhispanic,F,Boston  Massachusetts  US,561 Thompson Run,Fitchburg,Massachusetts,Worcester County,25027,01420,42.587424885147364,-71.80282129726717,496061.50,210406.96,86438
b0510331-5b57-3674-70b1-6038b55cb961,1956-12-04,1968-11-27,999-16-7964,,,,Leoma634,Sally227,Hoppe518,,,,white,nonhispanic,F,Shrewsbury  Massachusetts  US,862 Hickle Key,Lynn,Massachusetts,Essex County,25009,01904,42.49394848260699,-70.9884956860988,60471.01,12439.31,52641
43e73111-ae07-da89-6746-84055d2f7a42,1949-01-18,2019-12-26,999-72-2843,S99991293,X50434355X,Mr.,Dominick530,,Bode78,,,S,white,nonhispanic,M,Millville  Massachusetts  US,601 Ledner Trail,Amherst,Massachusetts,Hampshire County,,00000,42.322527727518825,-72.47860181766806,13805.77,342693.33,7259
1da44fa4-dbe9-b4e3-49a3-d5a05676f20a,2000-09-03,,999-26-8155,S99968657,X53782351X,Mr.,Kris249,Jefferey580,Glover433,,,,white,nonhispanic,M,Haverhill  Massachusetts  US,945 Ankunding Gateway,West Springfield,Massachusetts,Hampden County,25013,01089,42.15783264168433,-72.6322795636462,77009.23,2847.19,130319
2ae7d547-5682-e879-b0cc-2ac028bc86c3,2008-02-26,,999-11-4154,S99987498,,,Alvaro283,Buck819,Wolf938,,,,white,nonhispanic,M,Rutland  Massachusetts  US,227 Ebert Route Unit 47,Manchester-by-the-Sea,Massachusetts,Essex County,,00000,42.579438006011976,-70.804321020219,41134.75,14731.64,27049
07960ad1-274e-ec3c-07be-4cf23276f400,1980-06-26,,999-96-5401,S99962799,X55427826X,Mrs.,Mica978,Lynetta635,Kub800,,Johnson679,M,white,nonhispanic,F,Winchester  Massachusetts  US,460 Reilly Forge,New Bedford,Massachusetts,Bristol County,25005,02740,41.58300929563738,-70.93935944635142,188376.25,900446.59,30911
3a6716b6-650b-37a4-403b-6ca47df8b7ad,1995-07-14,,999-61-5178,S99938534,X91195456X,Mrs.,Loraine318,Kristian973,Kuvalis369,,Balistreri607,M,white,nonhispanic,F,Ware  Massachusetts  US,1060 D'Amore Meadow,Chelmsford,Massachusetts,Middlesex County,,00000,42.61441261177383,-71.41729534945516,167794.83,193611.68,129841
0849965b-6a8a-6d0b-0b10-061f5c983116,1945-01-22,,999-85-7534,S99967807,X22074608X,Mrs.,Saran641,Lenita591,Franecki195,,Harber290,M,white,nonhispanic,F,Pittsfield  Massachusetts  US,480 Conn Pathway,Lee,Massachusetts,Berkshire County,25003,01238,42.34737523305341,-73.26488499720966,638337.66,371865.50,68190
9839bec0-d573-cc36-8f8e-19f4808141ab,1974-01-01,1988-01-15,999-63-6907,,,,Jeanna557,Donna446,VonRueden376,,,,white,nonhispanic,F,Newton  Massachusetts  US,1072 Fahey Union Unit 25,Cambridge,Massachusetts,Middlesex County,25017,02139,42.362894022687215,-71.12936584009638,55840.46,39266.78,141784
79ebb7b6-979a-d74f-734b-619fd922d0dd,1931-04-14,,999-80-1193,S99994193,X21647085X,Mr.,Deon400,Cecil300,Kessler503,,,M,white,nonhispanic,M,New Bedford  Massachusetts  US,508 Kerluke Stravenue Apt 84,Peabody,Massachusetts,Essex County,25009,01960,42.547505259325206,-71.06726156161795,20560.51,429166.82,10036
b0f42efd-18f1-85b4-d61a-aae5c0e6a61b,1972-07-16,,999-92-3169,S99968993,X93535014X,Mr.,Theron432,,Carter549,,,M,white,hispanic,M,Ludlow  Massachusetts  US,952 Raynor Viaduct Apt 95,Salem,Massachusetts,Essex County,25009,01907,42.47835116999792,-70.84998156317803,40450.70,95075.93,44039
9b2f47df-f8d6-09ae-c59b-251c3bcbd8a1,2023-06-08,,999-87-5291,,,,Jonna572,,Rohan584,,,,white,hispanic,F,Weymouth  Massachusetts  US,720 Tromp Estate Apt 53,Methuen,Massachusetts,Essex County,25009,01844,42.71772983956841,-71.13081479528054,6642.13,9072.54,181096
5958c47b-3493-9976-535c-c5fdd6c7b978,1961-06-19,,999-28-9014,S99967500,X65399110X,Mr.,Jermaine675,Stuart913,Jast432,,,S,white,nonhispanic,M,Wilbraham  Massachusetts  US,514 Hartmann Viaduct Suite 47,Boston,Massachusetts,Suffolk County,25025,02118,42.32400374780838,-71.00587694917252,130936.10,45196.73,113708
130958f6-7d24-cbff-5b7b-4898753e702a,1959-09-06,,999-36-1680,S99994800,X59787387X,Mr.,Kasey569,Adolph80,Erdman779,,,M,white,nonhispanic,M,Worcester  Massachusetts  US,686 McCullough Row Unit 3,Easthampton,Massachusetts,Hampshire County,25015,01027,42.319190951456804,-72.7060925214157,264739.36,280044.59,43609
0d978892-1271-08bd-631c-019775a7c3a6,2008-08-24,,999-25-6316,S99919463,,,Collin529,Mathew182,Harvey63,,,,white,nonhispanic,M,Franklin  Massachusetts  US,1097 Runolfsson Street Apt 15,Quincy,Massachusetts,Norfolk County,25021,02186,42.240736284659306,-71.06502385112218,95515.89,490400.28,40335
5ea819b7-306d-3c88-c199-2cf576aeacaf,2014-10-21,,999-62-7133,,,,Micheline936,,Harvey63,,,,other,nonhispanic,F,Yarmouth  Massachusetts  US,356 Wunsch Gateway,Needham,Massachusetts,Norfolk County,25021,02494,42.22977832652033,-71.26865453447638,20749.00,46109.22,167108
f22c88bd-8d43-7311-c2c5-80fbaec20b13,1998-06-01,,999-53-5050,S99985412,X09026832X,Mr.,Minh326,,Schultz619,,,,white,nonhispanic,M,Boston  Massachusetts  US,666 Sawayn Trail,Groton,Massachusetts,Middlesex County,25017,01450,42.572269707359276,-71.60076488250004,77774.24,12736.20,333013
957033b0-e2a1-f9ef-cbd7-345bf07a12af,2002-07-30,,999-67-4596,S99958271,X37393954X,Mr.,Alberto639,,Bogisich202,,,,white,hispanic,M,Uxbridge  Massachusetts  US,432 Reichert Gardens,Boston,Massachusetts,Suffolk County,25025,02130,42.30718610654691,-71.17031462159125,3858.07,51104.78,5856
ae78848f-a95b-b4f0-5fde-2a8dab6dd171,1991-04-12,,999-51-8121,S99968415,X98884116X,Mrs.,Shella455,Ida350,Bergnaum523,,McGlynn426,M,black,nonhispanic,F,Brookline  Massachusetts  US,819 Jacobs Burg,Quincy,Massachusetts,Norfolk County,25021,02186,42.29716284730382,-70.99895721249293,438621.20,150952.79,62753
afb9ea12-a8a6-0235-ed79-4fabb35f3b00,2011-06-16,,999-28-5733,,,,Noah480,Bud153,Gerlach374,,,,asian,nonhispanic,M,Duxbury  Massachusetts  US,379 Romaguera Hollow,Bedford,Massachusetts,Middlesex County,25017,01730,42.503708482963,-71.32528541469625,33352.73,4952.34,977207
0088ea38-14a1-362d-1a85-5dd94c9609fb,1956-12-04,,999-54-5369,S99920927,X95252699X,Mrs.,Clemencia569,Betty470,Hackett68,,Franecki195,D,white,nonhispanic,F,Newton  Massachusetts  US,355 Dickens Hollow Suite 35,Lynn,Massachusetts,Essex County,25009,01940,42.46348422951664,-70.92332469936267,777710.98,35899.04,52641
219447b2-0a81-cdab-c266-ad5c47b4c9a9,1962-05-20,,999-32-3434,S99993635,X36300203X,Mrs.,Belle514,Mandi759,Legros616,,O'Keefe54,M,white,nonhispanic,F,Abington  Massachusetts  US,673 Gislason Frontage road Apt 94,Yarmouth Port,Massachusetts,Barnstable County,25001,02675,41.71107906674102,-70.18999527778404,513242.76,1783897.53,140570
8dc07343-7bff-5b8d-acd9-425b4dcfb5f0,1949-01-18,,999-12-3524,S99994138,X87544577X,Mr.,Antone63,Stephan15,Jacobi462,,,M,white,nonhispanic,M,Worcester  Massachusetts  US,751 Romaguera Terrace,Amherst,Massachusetts,Hampshire County,,00000,42.35276637213647,-72.48379772029966,30726.06,770465.67,7259
83d2657b-aece-c770-d61c-2dbafe8051aa,1977-07-09,,999-92-9135,S99983108,X62722227X,Mr.,Dorsey40,Jeff859,Lesch175,,,D,black,nonhispanic,M,Milford  Massachusetts  US,493 Wehner Hollow,West Springfield,Massachusetts,Hampden County,25013,01089,42.08088997968671,-72.644235365666,156530.67,29253.64,85310
f4061d8e-3b17-df5c-1f2d-91d00dc5e828,1974-01-01,,999-45-3765,S99970694,X34806704X,Ms.,Carla633,Neva514,Johns824,,,S,white,nonhispanic,F,Somerville  Massachusetts  US,868 Considine Village,Cambridge,Massachusetts,Middlesex County,25017,02139,42.36029497676116,-71.10760336882845,348480.99,1132770.56,141784
5956d803-7cb5-0572-bbc7-39bc2d3a1c68,1976-03-16,,999-48-9818,S99978914,X93041798X,Mr.,Isaac321,Rupert654,Schulist381,,,M,white,nonhispanic,M,Swansea  Massachusetts  US,474 Robel Junction,Boston,Massachusetts,Suffolk County,25025,02125,42.34646683504158,-71.00082252741132,21862.82,754329.68,11042
cf54f0aa-6365-1486-5d90-db894df77211,1951-09-22,,999-91-1374,S99975926,X91884908X,Mrs.,Gabriele201,,Toy286,,Bergnaum523,D,black,nonhispanic,F,Beverly  Massachusetts  US,277 Mraz Ramp,Franklin,Massachusetts,Norfolk County,25021,02038,42.05154639178122,-71.377833416537,459939.97,793900.93,194881
aa960270-8df8-8d78-60a0-dfa392750c64,1954-06-28,2009-09-16,999-55-8224,S99920348,X93168003X,Mr.,Arthur650,Emerson869,Runolfsdottir785,,,M,white,nonhispanic,M,Boston  Massachusetts  US,560 Kassulke Crossing Suite 8,Fall River,Massachusetts,Bristol County,25005,02723,41.68601694521157,-71.12635633500571,686205.26,2441461.91,23845
a8ad40bd-99dd-3136-0ceb-ab768a64ad4e,2019-12-30,,999-55-8808,,,,Eldon28,,Will178,,,,white,nonhispanic,M,Monterey  Massachusetts  US,748 Stoltenberg Parade Suite 90,Lynnfield,Massachusetts,Essex County,25009,01940,42.49453139254659,-71.06470870204537,25663.99,35171.76,199278
d0d651b8-3055-d98f-3427-f84c8a5828af,1989-07-21,,999-36-6992,S99929380,X24727027X,Mr.,Harold594,Roberto515,McClure239,,,M,white,nonhispanic,M,Cambridge  Massachusetts  US,556 Turner Skyway Suite 79,Melrose,Massachusetts,Middlesex County,25017,02176,42.44117348719896,-71.03024902156395,16807.56,70396.11,107493
8cb8a65a-27f9-a2e5-5835-b5c2d6143c63,2017-06-25,,999-98-4385,,,,Nadene309,Linda558,Mertz280,,,,white,nonhispanic,F,Boston  Massachusetts  US,833 Treutel Ranch,Falmouth,Massachusetts,Barnstable County,25001,02540,41.58017021751702,-70.5925080415247,15822.84,19111.58,96180
b5262958-1b1e-9f38-3a1c-c06384f89279,2003-02-14,,999-37-6254,S99940562,X16724993X,Ms.,Leonor133,Dionne995,Olson653,,,,white,nonhispanic,F,Pembroke  Massachusetts  US,252 Eichmann Gate Apt 25,Boston,Massachusetts,Suffolk County,25025,02116,42.34740008532015,-71.01348492505343,106330.00,168026.24,83428
74124ccf-3361-50f8-b0d5-be4f2f66aef3,2004-11-16,,999-82-1135,S99977123,X94032819X,Mr.,Hank686,,Volkman526,,,,white,nonhispanic,M,Leverett  Massachusetts  US,276 Quigley Rue Apt 15,Dracut,Massachusetts,Middlesex County,,00000,42.709235953218545,-71.27622140564051,65256.18,11446.08,175850
c6e8e17a-0b85-65c1-0a29-e471a85f8bb0,1966-05-15,,999-31-1601,S99953362,X06003637X,Mr.,Nathan164,Daren950,Schuster709,,,M,white,nonhispanic,M,Turners Falls  Massachusetts  US,934 Goldner Station,Plymouth,Massachusetts,Plymouth County,25023,02360,41.89386691557979,-70.58491808035157,187499.72,522521.00,47619
50dff83f-87e1-d33b-c1b8-4d65054bcb8f,1999-07-19,,999-93-7593,S99993435,X12852473X,Ms.,Karyl215,Myriam433,Schulist381,,,,white,nonhispanic,F,Falmouth  Massachusetts  US,761 Schumm Annex,Haverhill,Massachusetts,Essex County,25009,01835,42.79767135118219,-71.1039754524224,147027.88,212235.79,48123
b2347427-be5d-ba99-4b6f-d91a69c5dcbb,2014-07-08,,999-74-2388,,,,Jeromy156,Grady603,Abernathy524,,,,white,nonhispanic,M,Worcester  Massachusetts  US,476 Casper Frontage road,Westminster,Massachusetts,Worcester County,,00000,42.58101321387234,-71.90119984304654,18298.26,20241.87,70572
50b87c33-8b76-f32f-1257-02fb95563416,2010-12-17,,999-98-1424,,,,Javier97,Pedro316,Grijalva82,,,,white,hispanic,M,Mexico City  Mexico City  MX,300 Stroman Estate Unit 26,Chicopee,Massachusetts,Hampden County,25013,01022,42.163753578518325,-72.60781364264297,41955.14,529.91,55382
397dac5a-505f-4a38-2edb-7dfc4cd820e3,1970-04-26,,999-26-1248,S99957420,X99812149X,Mr.,Angel97,Arnoldo445,Cronin387,,,M,other,nonhispanic,M,Boston  Massachusetts  US,130 Bernier Gardens,Boston,Massachusetts,Suffolk County,25025,02118,42.33591300769156,-71.01073994171992,153749.43,20543.19,117461
27d40052-7771-79e8-8ee4-7a40e6d30fc2,1975-07-15,,999-38-8718,S99990793,X22254613X,Mr.,Simon598,Raul814,McLaughlin530,,,M,white,nonhispanic,M,Hopkinton  Massachusetts  US,400 Hauck Dale Unit 37,Rowley,Massachusetts,Essex County,25009,01969,42.72569494283161,-70.897405155429,115648.35,38209.02,727546
71d144cc-0032-659b-d8c2-81b3e1faab81,1963-08-14,,999-45-2816,S99924695,X15320471X,Mr.,Rueben647,Troy560,Harber290,,,S,white,nonhispanic,M,Pittsfield  Massachusetts  US,542 Hartmann Rue Apt 64,Chicopee,Massachusetts,Hampden County,25013,01020,42.181018345817364,-72.51168550871255,495688.57,267603.22,62229
f57471d5-5dbd-1460-985a-44b574370c14,1990-11-07,,999-89-1037,S99927583,X96714404X,Mrs.,Thalia561,Peggie783,Stiedemann542,,Reynolds644,M,white,nonhispanic,F,Sudbury  Massachusetts  US,295 McClure Port Apt 49,Weymouth,Massachusetts,Norfolk County,25021,02190,42.214500223198975,-71.00596425966503,148816.28,571712.65,27466
15b0439a-464b-33c7-5107-0c1d5b700ccc,2001-11-08,,999-29-9803,S99989794,X57747129X,Mr.,Dave764,Darron84,O'Reilly797,,,,white,nonhispanic,M,Boston  Massachusetts  US,319 Batz Gardens Apt 9,Peabody,Massachusetts,Essex County,25009,01960,42.549974402879535,-70.93864397955295,77692.73,0.00,111540
51d864d5-e42b-8a76-1901-672e4f265fcc,1951-08-14,,999-15-7801,S99941535,X45505583X,Mr.,Ezra452,Ronnie7,Hammes673,,,M,white,nonhispanic,M,Boston  Massachusetts  US,224 Stokes Dale Unit 54,Fairhaven,Massachusetts,Bristol County,,00000,41.63552211091588,-70.89942974533663,9551.50,405086.15,16438
85b2c833-bf06-c38b-d4e0-f84f887120ce,1988-04-23,,999-79-9701,S99940953,X28569268X,Mrs.,Vernice968,Arianna984,Pouros728,,Jaskolski867,D,black,nonhispanic,F,Pembroke  Massachusetts  US,437 Lubowitz Stravenue Suite 94,Carver,Massachusetts,Plymouth County,,00000,41.906146330596364,-70.75266280477558,479123.29,1261446.74,117551
060a8f1f-743e-41b7-2ea1-9565e959cc46,1983-10-27,,999-71-2572,S99929942,X46625262X,Mr.,Leopoldo762,Erick204,Aufderhar910,,,M,white,nonhispanic,M,Boston  Massachusetts  US,842 Raynor Rue Suite 4,Sandwich,Massachusetts,Barnstable County,25001,02563,41.66690085682176,-70.4393419951157,90128.09,0.00,70776
1849e2ae-e120-79f0-8f4b-6b2dabc64414,1971-10-04,,999-19-2395,S99916710,X40023530X,Mrs.,Beula159,Kimberlee228,Zemlak964,,Kutch271,M,white,nonhispanic,F,Reading  Massachusetts  US,574 Stoltenberg Pathway Apt 94,Somerville,Massachusetts,Middlesex County,25017,02140,42.386954021241785,-71.12273735070116,763566.76,258104.51,42658
21328cc6-ad76-d9b1-a40d-aead01ec166b,1965-08-24,,999-32-5753,S99973999,X25625256X,Mr.,Ned189,Moshe758,Brakus656,,,M,white,nonhispanic,M,Barnstable  Massachusetts  US,370 Rau Branch Apt 45,Douglas,Massachusetts,Worcester County,,00000,42.06591612979914,-71.76246822490616,123762.29,13232.61,132643
0d64e539-6a4a-c48c-9db0-27cd1e49f33e,1980-08-30,,999-23-9193,S99920927,X36342327X,Mr.,Cornell131,Palmer257,Cole117,,,D,white,nonhispanic,M,Waltham  Massachusetts  US,715 Schroeder Trailer,Agawam,Massachusetts,Hampden County,25013,01001,42.047583533584366,-72.64517251414186,74285.10,18781.48,65148
45dbe2e7-0d3f-a6a5-4b02-55f11c97a5b4,2017-05-20,,999-52-4060,,,,Riva522,,Beahan375,,,,white,nonhispanic,F,Agawam  Massachusetts  US,816 Roob Terrace Unit 0,Ware,Massachusetts,Hampshire County,25015,01082,42.28052089546414,-72.30322235944891,1505.58,10872.14,2511
f816c1f6-5ecb-e466-569e-b261af399d6b,1978-02-01,,999-36-9753,S99970265,X29883737X,Mr.,Kenton313,,Dickinson688,,,M,white,nonhispanic,M,Berkley  Massachusetts  US,1013 Bode Mill,Mansfield,Massachusetts,Bristol County,,00000,42.00824668857769,-71.24343426073231,76412.01,5021.34,190560
784ee117-3208-9ef9-8fe7-2870047343f6,1965-10-04,,999-34-4738,S99958328,X95015258X,Mr.,Ramiro608,Marcos263,Montaño969,,,W,white,hispanic,M,San Salvador  El Salvador  SV,1040 Stiedemann Camp Suite 51,Haverhill,Massachusetts,Essex County,25009,01830,42.76002033301955,-71.08006925829669,362035.63,108563.07,38840
cb451d0c-91f1-572d-a641-f6e504249495,2019-07-16,,999-89-6724,,,,Buck819,Ira784,Cruickshank494,,,,black,nonhispanic,M,Halifax  Massachusetts  US,891 Gibson Approach,Springfield,Massachusetts,Hampden County,25013,01119,42.12910668125595,-72.5176165025149,5281.91,6548.13,34197
070f1519-7947-0313-6a0d-d913961d0fd0,2025-10-23,,999-73-3476,,,,Willard975,Sal878,Boehm581,,,,asian,nonhispanic,M,Holliston  Massachusetts  US,1060 Kessler Lock,Lowell,Massachusetts,Middlesex County,25017,01854,42.61507079664147,-71.31717333049129,100.00,520.18,16553
5998a979-df2d-dfb8-90b6-60ecb8b01d73,1982-01-01,,999-88-4058,S99935119,X88370484X,Mr.,Josef103,Emile522,Douglas31,,,M,white,nonhispanic,M,Brewster  Massachusetts  US,414 Towne Walk Suite 70,Worcester,Massachusetts,Worcester County,25027,01605,42.330676009117965,-71.81439056683331,94326.24,13155.04,46360
d1a635ad-5c35-9df7-5fca-097092d603a0,2007-07-26,,999-48-5425,S99933239,,Mr.,Cody889,,O'Connell601,,,,white,hispanic,M,Stoneham  Massachusetts  US,1062 Zboncak Trace Suite 64,Worcester,Massachusetts,Worcester County,25027,01609,42.41407623544627,-71.76152069006137,46371.72,19840.31,47498
bf73bd8b-18ed-69b5-fdc9-d3f785736c4e,2005-03-21,,999-47-9385,S99953156,X14835578X,Ms.,Argelia29,Dorotha379,Langosh790,,,,white,nonhispanic,F,Waltham  Massachusetts  US,1075 Cartwright Byway Unit 10,Brookline,Massachusetts,Norfolk County,25021,02446,42.35865358997288,-71.17883138937361,52836.06,7503.46,77597
3572b65f-3cf4-3e52-3afe-24ba660a161f,1980-07-03,1995-01-19,999-33-4868,,,,Dan465,Ted955,Altenwerth646,,,,white,nonhispanic,M,Newburyport  Massachusetts  US,370 Bins Ranch,Chelmsford,Massachusetts,Middlesex County,,00000,42.62655317579359,-71.33918535499993,3973.79,61200.31,16303
19b23346-0a35-9191-c07a-15139d1d581f,1993-08-30,,999-62-5824,S99941917,X39702245X,Ms.,Melda993,Catherine271,McKenzie376,,,S,white,nonhispanic,F,Medford  Massachusetts  US,397 Cartwright Crossing,Boston,Massachusetts,Suffolk County,25025,02118,42.31369846319102,-71.06706660728355,170296.62,387304.06,131905
c41ab913-ee44-8c55-f3b6-df43f7cb2cac,2016-02-29,,999-79-5387,,,,Jon665,,Moen819,,,,white,nonhispanic,M,Revere  Massachusetts  US,707 Bradtke Center,Framingham,Massachusetts,Middlesex County,25017,01702,42.35003533693747,-71.40322099539893,4050.00,40625.19,9616
02dfdf52-b9e7-c209-40b1-cda983992676,1965-06-22,,999-64-7493,S99973244,X49950054X,Mr.,Hugh686,,Kihn564,,,M,white,nonhispanic,M,Fairhaven  Massachusetts  US,348 Runte Passage Apt 74,Boston,Massachusetts,Suffolk County,25025,02114,42.33325425791796,-71.07550605793179,132271.18,2472.54,174127
f044110a-18b9-8f94-4734-593ce0938cce,2009-01-11,,999-75-1504,S99956267,,,Jan231,Iesha760,Blanda868,,,,white,nonhispanic,F,Worcester  Massachusetts  US,126 Bednar Fort Apt 32,Stoughton,Massachusetts,Norfolk County,,00000,42.0914942019822,-71.10830519641159,31063.33,36055.52,32551
18071cdf-24f4-6aaa-fda6-5c01925bae7f,2008-05-27,,999-93-1515,S99965333,,,Bill567,Cameron381,Fahey393,,,,white,nonhispanic,M,Amesbury  Massachusetts  US,862 Toy Hollow Apt 52,Methuen,Massachusetts,Essex County,25009,01841,42.76311255936206,-71.17184728135103,56735.36,3168.54,64421
a2e640de-8023-7b47-f4be-7f9e8338f082,2009-12-22,,999-78-3088,S99917564,,,Reid278,,O'Hara248,,,,black,nonhispanic,M,Southbridge  Massachusetts  US,254 Morar Boulevard,Whitman,Massachusetts,Plymouth County,,00000,42.09018094752017,-70.93965909544279,8341.29,520983.75,171846
613eb522-39f9-1762-06fa-1373a2e09c3a,1947-06-22,2008-09-05,999-83-9324,S99958924,X25925450X,Mr.,Damian46,,Parker433,,,M,white,nonhispanic,M,Lowell  Massachusetts  US,755 Parker Orchard,Fall River,Massachusetts,Bristol County,25005,02724,41.630413803680476,-71.11211544125449,11397.03,272759.33,3183
d19b8a6f-8236-75be-6545-1c818e5765fc,1990-10-02,,999-64-4085,S99919692,X67729979X,Mr.,Lowell343,Jacob959,Hayes766,,,M,black,nonhispanic,M,Falmouth  Massachusetts  US,305 Murray Mews Unit 2,Woburn,Massachusetts,Middlesex County,25017,01890,42.4506008999064,-71.1478232891487,73466.71,11367.69,26983
d1d6b47b-fae0-4129-ef6b-eb64170a2f16,1945-07-26,,999-83-7772,S99913280,X74170283X,Mrs.,Billy698,Amber507,Barrows492,,Runolfsson901,D,white,nonhispanic,F,Peabody  Massachusetts  US,685 Hammes Alley,Chicopee,Massachusetts,Hampden County,25013,01020,42.16794833966607,-72.56724845104445,625086.46,380621.22,74699
d57216ad-a87a-01cb-64be-f5875e3fd54c,2016-12-22,,999-83-9129,,,,Simon598,,Feest103,,,,white,nonhispanic,M,Lynn  Massachusetts  US,824 Smitham Way Unit 7,Waltham,Massachusetts,Middlesex County,25017,02451,42.3513177614424,-71.25907264580296,33206.32,9082.23,289519
f1f235e8-a30a-08aa-9182-2f551c9408a0,1983-09-15,2019-12-14,999-47-2518,S99928097,X86606295X,Mrs.,Kirstie385,,Ankunding277,,Johnston597,M,asian,nonhispanic,F,Westfield  Massachusetts  US,845 Berge Pathway,Marblehead,Massachusetts,Essex County,25009,01945,42.47336507369953,-70.84480070385595,21974.53,1775810.99,3468
bf365b79-e842-73ca-9064-05b0ebb51f6d,1983-11-27,,999-37-2220,S99936745,X84153978X,Mrs.,Kaylene27,Keely496,Cassin499,,Tromp100,M,other,hispanic,F,Worcester  Massachusetts  US,132 Hessel Overpass Suite 14,Winthrop,Massachusetts,Suffolk County,25025,02152,42.3211168630681,-70.97626352967596,585074.27,420870.56,93543
07a0d2ba-fbc4-3655-a63e-acc9e2309c20,1969-03-25,2025-06-12,999-73-9075,S99961171,X13512684X,Mr.,Garret233,Al123,Beahan375,,,S,asian,nonhispanic,M,Millbury  Massachusetts  US,1046 Rath Byway,Lynnfield,Massachusetts,Essex County,25009,01940,42.56127976334412,-71.00975187333235,27292.02,2542006.35,22507
7314b577-05d5-e556-d39b-06c70a0b6f54,1980-07-03,,999-31-6552,S99976865,X18437442X,Mr.,Julian715,German382,Waelchi213,,,D,white,nonhispanic,M,Oxford  Massachusetts  US,539 Kris Extension Suite 46,Chelmsford,Massachusetts,Middlesex County,,00000,42.591611439281145,-71.38731129880752,14495.84,140224.28,16303
f5adbc72-8a60-8182-61ec-9cbabe6fd17c,1961-02-27,,999-65-9964,S99999127,X14222636X,Mr.,Santos184,Heath320,Murphy561,,,M,white,nonhispanic,M,Boston  Massachusetts  US,359 Collins Ramp Unit 52,Charlton,Massachusetts,Worcester County,,00000,42.15849495413412,-72.0092078245706,138794.44,132899.74,77737
36fdc8a0-b2dd-4a0e-1442-28ece448f91d,1973-12-14,,999-79-9243,S99996220,X39194830X,Mrs.,Norine97,Tamara8,Shields502,MD,Mayert710,M,white,nonhispanic,F,West Tisbury  Massachusetts  US,862 Gaylord Viaduct Suite 98,Westwood,Massachusetts,Norfolk County,,00000,42.22803905569175,-71.22261167201623,650171.55,140172.61,116130
761d2d69-778d-af2d-6dcc-76e708890705,1997-09-22,,999-23-5012,S99922784,X26783911X,Mrs.,Amal279,Sol312,Raynor401,,Okuneva707,M,white,nonhispanic,F,Norfolk  Massachusetts  US,978 O'Conner Key,Boston,Massachusetts,Suffolk County,25025,02114,42.33081768037653,-70.99884513872378,72612.24,382235.50,130867
41769f43-d38f-ce52-6028-7e4687fb4058,1964-02-16,,999-52-9501,S99941069,X17024468X,Mr.,Kelly223,Sergio619,Kiehn525,,,W,white,nonhispanic,M,Boston  Massachusetts  US,231 Schaden Lock Unit 99,Springfield,Massachusetts,Hampden County,25013,01109,42.089689429195694,-72.51499309204802,491725.71,288622.30,48581
1b92835f-761c-a248-3bcf-df0549701755,1982-01-29,,999-97-7906,S99924915,X60140990X,Mr.,Lynwood354,,Deckow585,,,S,white,nonhispanic,M,Boston  Massachusetts  US,939 Marks Village,New Bedford,Massachusetts,Bristol County,25005,02746,41.686868663551,-70.92966589246363,15025.04,203878.24,2102
a3fc6d48-4c54-9126-5a3c-635d3f050086,1985-01-18,,999-27-1724,S99954544,X62578613X,Mrs.,Ardath226,Rickie717,Borer986,,Borer986,M,white,nonhispanic,F,Dracut  Massachusetts  US,1040 Fisher Club Suite 19,Quincy,Massachusetts,Norfolk County,25021,02169,42.25069394245649,-71.10817518337754,29023.85,1545732.55,15288
82b596ec-0f6b-336a-1061-a3d6bd632380,1993-12-07,,999-58-5500,S99910409,X34242738X,Ms.,Eden920,Kathern391,Toy286,,,S,white,nonhispanic,F,Ashland  Massachusetts  US,1012 Fisher Loaf,North Attleborough,Massachusetts,Bristol County,,00000,41.96443669607971,-71.36588819973198,175600.07,616815.57,30893
cd41a497-5c55-1fb6-7567-06594adc3a65,1973-02-27,,999-78-6676,S99933924,X68079531X,Mrs.,Avril120,Jacquie940,Swift555,,Bernier607,M,white,nonhispanic,F,Newton  Massachusetts  US,862 Jones Passage Apt 44,Walpole,Massachusetts,Norfolk County,25021,02081,42.10640430334681,-71.22655253796209,570062.58,402166.79,94333
b76c09c1-28ab-57ee-5a7b-993340f46a7e,1966-02-13,,999-18-8729,S99964226,X06442571X,Mr.,Rolf983,Reynaldo722,Pacocha935,,,D,white,nonhispanic,M,Milton  Massachusetts  US,559 Gottlieb Drive,Quincy,Massachusetts,Norfolk County,25021,02169,42.25811923809974,-71.0186807310082,119454.75,48823.09,84033
0e8f090f-5ef9-95b0-8382-6585fd992c79,1990-04-20,,999-77-7646,S99931710,X46548448X,Mr.,Doug189,Glen190,Hayes766,,,M,white,nonhispanic,M,Acushnet  Massachusetts  US,685 Fritsch Fort Suite 50,Duxbury,Massachusetts,Plymouth County,25023,02332,42.047357609132035,-70.70389102006392,87781.78,12778.07,35302
3339fe76-228d-b0b8-7c24-4683fd2785a9,1983-09-15,,999-48-8187,S99994674,X84981566X,Mrs.,Cyndi533,,Rau926,,Raynor401,M,asian,nonhispanic,F,Worcester  Massachusetts  US,480 Leffler Station Apt 20,Marblehead,Massachusetts,Essex County,25009,01945,42.509627899303375,-70.8609085553069,20777.55,1052664.47,3468
e1462f99-b316-8097-b42f-5e6b0ac1412b,2018-12-22,,999-33-8660,,,,Elroy493,Wiley422,Smith67,,,,white,nonhispanic,M,Boston  Massachusetts  US,932 Welch Overpass,Mansfield,Massachusetts,Bristol County,,00000,42.012743995865826,-71.21478970203022,12763.22,15808.84,114208
f3eeba49-1aa0-6372-69e4-9897b0bf2f79,1969-03-25,,999-42-3577,S99919079,X05455621X,Mr.,Noe500,Enoch803,McCullough561,,,W,asian,nonhispanic,M,Concord  Massachusetts  US,437 Crona Mall Unit 77,Lynnfield,Massachusetts,Essex County,25009,01940,42.529691525628394,-70.99127946769691,10437.09,402384.14,22507
8f51bed0-ef24-2adc-2aff-412769a0b659,1995-11-10,,999-61-1351,S99930028,X16948089X,Mr.,Lyndon118,Herschel574,Klocko335,,,M,white,nonhispanic,M,North Andover  Massachusetts  US,465 Willms Common,Brockton,Massachusetts,Plymouth County,25023,02302,42.10242768126369,-70.9307098587147,101470.96,133850.36,26596
be30bd41-9129-16b1-113e-cc1491c07298,1954-08-21,,999-80-9811,S99997202,X73841102X,Ms.,Samantha681,Lorriane838,Walter473,,,S,white,nonhispanic,F,Holyoke  Massachusetts  US,891 Bergnaum Spur Unit 77,Lowell,Massachusetts,Middlesex County,25017,01852,42.637481048832356,-71.27264306390929,19147.68,1198648.95,21689
4b00de31-effe-2c1c-e923-e0fa02ed33af,2005-06-29,,999-41-1915,S99989018,X92918524X,Ms.,Ricarda574,Jung484,Bradtke547,,,,black,nonhispanic,F,Marlborough  Massachusetts  US,115 Rosenbaum Alley Suite 95,Boston,Massachusetts,Suffolk County,25025,02128,42.37356680084743,-71.035850417403,65283.94,82649.56,100745
e1da2a65-eefa-1085-8680-1e48c0b429a4,1972-04-03,,999-70-1102,S99959567,X54438612X,Mr.,Dewayne363,Marcelino726,Powlowski563,,,M,white,nonhispanic,M,Paris  Ile-de-France  FR,278 Kilback Track Suite 82,Woburn,Massachusetts,Middlesex County,25017,01890,42.509183935622076,-71.15190093449372,495980.67,288876.92,116476
3ab05751-a936-faff-d534-5965c649e1c8,1973-08-09,,999-38-9319,S99964663,X57494376X,Mr.,Lowell343,,Howe413,,,M,white,nonhispanic,M,Newburyport  Massachusetts  US,904 Schmidt Track Apt 24,Webster,Massachusetts,Worcester County,25027,01570,42.033583969451314,-71.87786546790736,126650.15,7393.84,630731
0f7a4c95-2431-2fdd-6783-3113c44660b5,1980-06-23,,999-59-3808,S99977208,X98156205X,Mrs.,Paige606,Priscilla527,Davis923,,Volkman526,M,white,nonhispanic,F,Auburn  Massachusetts  US,655 Littel Gateway,Wakefield,Massachusetts,Middlesex County,25017,01880,42.50393569307768,-71.07482356644515,344923.87,127226.42,56274
5e35029b-9039-19a0-a069-1c2fe9db4d87,1975-06-23,,999-80-3217,S99941926,X85676945X,Mrs.,Darcie474,Bok974,Harvey63,,Auer97,M,white,nonhispanic,F,Hingham  Massachusetts  US,520 Kessler Harbor Apt 77,Attleboro,Massachusetts,Bristol County,25005,02703,41.9304892391651,-71.30750118126514,695522.64,266035.34,43770
327467cb-dfbc-6f65-df85-046b44c6f363,1954-06-28,2018-05-12,999-55-3486,S99932726,X81824554X,Mr.,Garry927,Granville802,McCullough561,,,D,white,nonhispanic,M,Wayland  Massachusetts  US,1016 Schamberger Meadow Unit 78,Fall River,Massachusetts,Bristol County,25005,02720,41.67866045936033,-71.10949626361635,172108.41,3465116.35,23845
125f39bd-ce9e-030f-7c10-34f1836fa7b0,1958-04-06,,999-34-8111,S99987612,X41026351X,Mrs.,Rubi442,Esperanza675,Lebsack687,,Hilll811,M,white,nonhispanic,F,Boston  Massachusetts  US,377 Hudson Row Apt 85,Northborough,Massachusetts,Worcester County,25027,01532,42.36698359211231,-71.63568723533194,266368.87,534550.13,870991
8b5a19ed-1b2a-b341-ccaa-914bc3e2cbac,2002-09-09,,999-62-8946,S99978592,X93048955X,Ms.,Doreen575,Ka422,Tremblay80,,,,white,nonhispanic,F,Belchertown  Massachusetts  US,958 Balistreri Spur Suite 30,Maynard,Massachusetts,Middlesex County,25017,01754,42.38933964656092,-71.42053774703014,100040.65,286689.38,89164
a53ccec6-b428-bc33-c8db-ab97bcf6d774,1977-04-16,,999-86-1580,S99958547,X30664713X,Mrs.,Terrie907,,Bayer639,,Jacobson885,M,white,nonhispanic,F,Southbridge  Massachusetts  US,964 Stamm Underpass Suite 21,Ashburnham,Massachusetts,Worcester County,,00000,42.67206612206209,-71.87897878539718,243596.77,507423.91,836803
0a2ff6fe-5f70-8eb3-0b86-488b9ab1ee97,1978-08-01,,999-92-4676,S99932903,X68068027X,Mr.,Alejandro916,Raul814,Cronin387,,,D,native,nonhispanic,M,Barnstable  Massachusetts  US,723 Streich Mission,Scituate,Massachusetts,Plymouth County,25023,02066,42.21051423100922,-70.77440221793903,121834.72,23890.65,142793
b3a9e142-fc5b-fe22-aeb6-7a51ec248bf6,1973-11-17,,999-10-1845,S99948234,X10845253X,Mr.,Marcellus830,Eddie505,Stiedemann542,,,M,white,nonhispanic,M,Bridgewater  Massachusetts  US,972 Klocko Highlands Suite 20,Newbury,Massachusetts,Essex County,,00000,42.81829711379726,-70.83261313938398,391184.29,9466.57,73966
e2b06f68-0c64-8470-02d8-a7f4e5db740d,1961-05-12,,999-76-2321,S99917036,X38946599X,Mrs.,Sunday568,,Zieme486,,Bode78,M,white,nonhispanic,F,Wilbraham  Massachusetts  US,244 Waters Highlands,Reading,Massachusetts,Middlesex County,25017,01867,42.545301861617304,-71.09792520497183,187270.02,333784.52,190824
38fdac21-4919-fc45-4184-804e36fe3dcd,1949-04-19,,999-79-9107,S99924063,X92805470X,Mrs.,Ariadna374,,Quiñónez764,,Vargas494,M,white,hispanic,F,Panama City  Panama  PA,489 Grant Highlands Suite 10,Gardner,Massachusetts,Worcester County,25027,01440,42.596113761053026,-72.0345842981619,24885.73,2207962.33,8108
2edc714b-f220-2d8f-5070-5311f24a8c2d,1963-05-23,,999-50-4135,S99957103,X21454162X,Mr.,Trent525,Cliff504,Braun514,,,D,white,nonhispanic,M,Sunderland  Massachusetts  US,537 Abshire Walk Unit 39,Mansfield,Massachusetts,Bristol County,,00000,42.05860999742885,-71.2325767278292,586994.08,207013.05,113117
7751c685-b7d8-66eb-47d0-6918101fc2ac,2002-06-13,,999-73-1978,S99972448,X01413742X,Mr.,Antione404,Earnest658,Kub800,,,,black,nonhispanic,M,Lakeville  Massachusetts  US,403 Halvorson Branch Suite 18,Boston,Massachusetts,Suffolk County,25025,02120,42.3773497097876,-71.07737099815631,11245.86,625282.45,20857
1503750c-6cd6-6db9-f1b3-d6e7d10f2f13,1987-07-01,,999-93-4809,S99978239,X20594603X,Mrs.,Merilyn246,,Orn563,,Shields502,M,asian,nonhispanic,F,West Falmouth  Massachusetts  US,415 Dooley Crossing,Wilmington,Massachusetts,Middlesex County,25017,01887,42.58645525968566,-71.1916210811919,110067.83,31774.23,193631
7ac76e1b-fe72-67f6-00a1-06394f8ed36f,1999-12-21,,999-13-1761,S99980207,X87153668X,Mr.,Sean831,Silas208,Maggio310,,,,white,nonhispanic,M,Brockton  Massachusetts  US,356 Ward Overpass,Shutesbury,Massachusetts,Franklin County,,00000,42.44770697429154,-72.38329104492995,6945.86,116174.36,13942
1ea0b6f2-e743-43b3-f058-201d84fd23d5,1954-09-30,2017-11-07,999-85-3259,S99963605,X50144232X,Mr.,Lino542,Garry927,Stoltenberg489,,,S,black,nonhispanic,M,Springfield  Massachusetts  US,171 Ondricka Trail Unit 1,Fall River,Massachusetts,Bristol County,25005,02723,41.63785305966071,-71.09454714611675,30767.66,3241443.66,21887
cda66029-e72c-3eae-4d73-aac91fa15a92,1975-01-05,,999-80-3535,S99941490,X79474085X,Ms.,Leonia336,Leonora414,Kunde533,,,S,white,nonhispanic,F,Chelmsford  Massachusetts  US,851 Schroeder Haven Suite 27,Wakefield,Massachusetts,Middlesex County,25009,01940,42.50829005433704,-71.06287274550722,140431.70,639537.73,727034
7404241d-bee3-6875-481b-4b42e4a2e590,2010-09-21,,999-66-5391,,,,Randall756,Buck819,McClure239,,,,white,nonhispanic,M,Holden  Massachusetts  US,125 Kub Loaf Apt 37,Rockport,Massachusetts,Essex County,25009,01966,42.680063805002646,-70.61621549769035,80765.70,260640.05,74613
58eacc9b-f27b-282e-bd22-8208b579312f,1956-04-16,,999-80-9151,S99941999,X45729795X,Mr.,Garfield38,Alec433,Douglas31,,,M,white,nonhispanic,M,Boston  Massachusetts  US,779 Wilderman Forge Suite 66,Wales,Massachusetts,Hampden County,,00000,42.01314901225859,-72.21124104452015,14081.11,796810.68,16858
1bdbd9b7-b9e2-dde8-3e3e-994c5ddef110,2017-12-24,,999-76-4642,,,,Julio255,,Spencer878,,,,white,nonhispanic,M,Reading  Massachusetts  US,145 Kuhlman Glen Apt 90,Randolph,Massachusetts,Norfolk County,25021,02368,42.175164232178346,-71.09420591266183,27685.31,21469.52,768192
3cf50170-e74e-ba24-c0c5-7eb2d843a4e9,1981-12-03,,999-92-8415,S99976409,X66188741X,Mr.,Hai304,Elden718,Quigley282,,,M,white,nonhispanic,M,Boston  Massachusetts  US,919 Miller Brook Suite 81,Medford,Massachusetts,Middlesex County,25017,02145,42.41940969884141,-71.14146170381895,85280.30,8710.12,42650
f610036a-e76d-43db-6b78-47f88d56f227,1971-09-06,,999-60-2855,S99919282,X79198882X,Mr.,Whitney250,Cary869,Medhurst46,,,M,white,nonhispanic,M,Plymouth  Massachusetts  US,844 Hessel Mill Unit 44,Mendon,Massachusetts,Worcester County,,00000,42.07012807491187,-71.53843336791813,39183.43,141362.55,658505
cc85e66d-a05f-8cdc-4198-d14119339fa2,2016-02-26,,999-88-9862,,,,Johnie961,Kent912,Stanton715,,,,white,nonhispanic,M,Shrewsbury  Massachusetts  US,864 Stroman Manor,Needham,Massachusetts,Norfolk County,25021,02494,42.323795957000975,-71.22270982652468,1746.21,30278.31,16916
10d4e2c9-7469-2d98-57aa-5a3650b718cd,1999-04-20,,999-26-1268,S99964172,X72452681X,Ms.,Rubye299,Fairy757,Kilback373,,,,white,nonhispanic,F,Springfield  Massachusetts  US,226 Walter Flat,Taunton,Massachusetts,Bristol County,25005,02780,41.861325656789106,-71.1394712895404,84164.03,18456.27,27377
6e953f5d-2a23-1b87-0b08-6293dd621f30,2016-07-10,,999-93-9143,,,,Henry768,Lon587,Mueller846,,,,white,nonhispanic,M,Boston  Massachusetts  US,154 Kerluke Bridge,Boston,Massachusetts,Suffolk County,25025,02152,42.301378308125855,-71.10383480636486,31695.90,28656.67,46315
e4ab43b0-bafd-d4a0-3910-9a49cca19f4c,1997-08-31,,999-82-4179,S99936514,X60913529X,Mr.,Jefferey580,Bertram873,Kris249,,,S,white,nonhispanic,M,Plymouth  Massachusetts  US,483 Cruickshank Arcade,Boston,Massachusetts,Suffolk County,25025,02199,42.31968405070457,-71.16281351143085,66316.60,8483.71,61920
e459b77e-8159-1816-5a73-049a069f4d64,1996-04-24,,999-61-9946,S99965412,X78294090X,Mr.,Diego848,Wilber603,Emmerich580,,,M,white,nonhispanic,M,Lynnfield  Massachusetts  US,1084 Yost Plaza,Boston,Massachusetts,Suffolk County,25025,02115,42.35182950718398,-71.10389059794268,15692.26,165668.11,23608
b53ab5f9-7b4a-4b11-221b-149776bbbede,1921-07-23,,999-33-2308,S99983382,X79667548X,Mrs.,Mirta419,,Skiles927,,Bins636,M,white,nonhispanic,F,South Dennis  Massachusetts  US,489 Ernser Ramp Unit 42,Montague,Massachusetts,Franklin County,,00000,42.55935031201981,-72.51400900628116,73956.85,1932783.54,2805
21459fde-54aa-3874-a73d-7f395680a35f,1973-11-28,,999-40-3926,S99982170,X70210648X,Mrs.,Antonette454,Yaeko585,Tromp100,,Klocko335,M,white,nonhispanic,F,Middleborough  Massachusetts  US,1017 Cruickshank Drive Apt 69,Billerica,Massachusetts,Middlesex County,,00000,42.59179184715301,-71.27958352907329,670016.96,355867.91,86941
eab0f8ac-84ec-9e41-689e-e7ac578e0f3d,2012-10-04,,999-86-7153,,,,Francesco636,Jaime666,Wisoky380,,,,white,nonhispanic,M,Hudson  Massachusetts  US,323 Fay Camp,Fall River,Massachusetts,Bristol County,25005,02720,41.681988751008674,-71.14942393889673,26024.40,6492.43,48055
8ded004b-5f49-651a-b703-831bf9a79f69,1988-11-28,,999-84-3066,S99982364,X63922529X,Mr.,Ronald408,Chong355,Windler79,,,M,white,nonhispanic,M,Boston  Massachusetts  US,147 Stark Estate Apt 55,Newburyport,Massachusetts,Essex County,25009,01951,42.83893906486996,-70.86124986556746,6386.94,91341.53,23281
43a9dd14-8560-4014-426e-995f4d6f3988,1954-09-30,2018-07-26,999-45-6641,S99931417,X49972975X,Mr.,Damien170,Ralph813,Zulauf375,,,M,black,nonhispanic,M,Chelmsford  Massachusetts  US,162 Mosciski Fort Apt 56,Fall River,Massachusetts,Bristol County,25005,02747,41.73964924913036,-71.0876887256129,19217.58,306793.10,21887
ab6bf331-fded-d993-f140-5c6a7948d0ae,2000-05-31,,999-63-2456,S99998663,X19300875X,Ms.,Dia700,Cecily421,Goyette777,,,,white,nonhispanic,F,Boston  Massachusetts  US,1050 Ratke Parade,Boston,Massachusetts,Suffolk County,25025,02121,42.23674261495405,-71.15720164972306,102197.86,166994.66,99772
848867f3-3ea7-3779-58fc-043453d02ea6,1973-07-11,,999-65-2855,S99917332,X54985731X,Mr.,Colin861,,Robel940,,,M,other,nonhispanic,M,Everett  Massachusetts  US,614 Ruecker Mission Unit 3,Plymouth,Massachusetts,Plymouth County,25023,02360,41.941591262341866,-70.59727210478799,91548.94,190307.52,271777
598b38fe-2ac1-e390-93c4-135e11c282b6,1975-07-27,,999-92-2889,S99965614,X48413424X,Mr.,Stephan15,Jonathan639,Kirlin939,,,S,white,nonhispanic,M,Malden  Massachusetts  US,830 Luettgen Mill Suite 38,Worcester,Massachusetts,Worcester County,25027,01610,42.291799195894036,-71.75009150140845,15007.61,192462.77,17342
2c28cd6e-588f-76ec-fb06-797d5894fc92,1987-03-13,,999-36-1547,S99925050,X83514493X,Mrs.,Bunny174,Tamara8,Collier206,,Beer512,M,asian,nonhispanic,F,Fall River  Massachusetts  US,118 Marks Quay Suite 67,Blackstone,Massachusetts,Worcester County,,00000,42.06716859764444,-71.49871873139264,235686.59,654510.66,130320
213f5397-9b68-b479-3ce2-0bbccb60af46,1927-06-15,,999-49-1307,S99956144,X10258639X,Mrs.,Eulalia351,Patrica776,Steuber698,,Beier427,M,white,nonhispanic,F,Reading  Massachusetts  US,645 Hermiston Park,Agawam,Massachusetts,Hampden County,25013,01030,42.043368260310544,-72.69493373050493,1032242.95,575162.60,42093
7a7698b8-cb22-174b-0396-7e7b65e5eabd,2004-06-11,,999-36-8250,S99976311,X52789013X,Mr.,Laurence43,Rudolph554,Johnson679,,,,white,nonhispanic,M,Sandwich  Massachusetts  US,396 Bode Promenade Unit 85,Charlton,Massachusetts,Worcester County,,00000,42.13467049080718,-72.00488058907315,11320.52,49111.60,31824
221e2025-1d6d-d73a-c70d-628830ffc0bb,1999-01-17,,999-74-4060,S99946845,X61932060X,Ms.,Dayle885,Antonette454,Hamill307,,,,white,nonhispanic,F,Oxford  Massachusetts  US,1031 Kuhn Lodge,Hingham,Massachusetts,Plymouth County,25023,02043,42.221094889884846,-70.85539562628956,85857.73,106523.52,88628
e01300c2-cc7e-6a25-68f1-e3da5c9f99aa,1999-12-16,,999-95-5832,S99952099,X76548335X,Mr.,Calvin845,Elias404,Sauer652,,,,white,nonhispanic,M,Braintree  Massachusetts  US,296 Kilback Pathway,Ware,Massachusetts,Hampshire County,25015,01082,42.24458008981093,-72.24756952816651,44453.36,9194.10,34626
293996de-4f69-be4c-7abf-271a08a13b3b,1993-02-04,,999-50-7914,S99911372,X25061110X,Mr.,Randell912,Judson999,Schmitt836,,,S,white,nonhispanic,M,Cambridge  Massachusetts  US,732 Spencer Union,Westhampton,Massachusetts,Hampshire County,,00000,42.3177467780797,-72.7663289415326,33353.16,76878.77,24759
a20f9c0b-6f27-933e-dd24-32e5a3d4b34f,1995-05-23,,999-31-3858,S99959550,X69742790X,Mr.,Owen89,Jimmy858,Runte676,,,M,white,nonhispanic,M,West Boylston  Massachusetts  US,260 Hoppe Light,Winthrop,Massachusetts,Suffolk County,25025,02128,42.333462051162,-70.95638437562339,41403.92,52497.21,44818
e3cba0d9-2911-fa26-4765-b2c656db40ba,2024-10-04,,999-41-5152,,,,Jeremy766,Karleen110,Barrows492,,,,white,hispanic,F,Boston  Massachusetts  US,441 Fadel Track,Brookline,Massachusetts,Norfolk County,25021,02446,42.38688587343798,-71.11844492449382,5639.69,178.28,331727
3f0a3ae0-4494-f95c-94de-692b84393ef0,1991-02-11,,999-15-6901,S99968544,X70364700X,Ms.,Rae910,Candace369,Crist667,,,S,white,nonhispanic,F,Ludlow  Massachusetts  US,364 Gulgowski Skyway,Amherst,Massachusetts,Hampshire County,,00000,42.318717679385905,-72.50737635577474,167282.81,189919.28,149984
3fd123b7-d091-3d32-af32-21aefe1356fe,1958-05-17,2015-08-10,999-95-3779,S99997676,X17906556X,Mr.,Edmond919,Derek111,Brakus656,,,M,other,hispanic,M,Belchertown  Massachusetts  US,542 Fay Way Suite 1,Boston,Massachusetts,Suffolk County,25025,02151,42.27103724377478,-71.12289825090092,240756.92,3644907.48,63018
0714e5bf-b797-5c4e-30c3-ab263f4ea175,2003-07-16,,999-27-2846,S99969604,X39409480X,Mr.,Sterling124,,Armstrong51,,,,white,nonhispanic,M,Lynn  Massachusetts  US,924 Shanahan Stravenue Unit 12,Dracut,Massachusetts,Middlesex County,,00000,42.67257823538279,-71.27851661719619,106356.55,4846.62,44493
0c940946-03c6-6786-b7a5-52728a6b3bfc,1978-08-12,,999-10-4018,S99922898,X12665929X,Mrs.,Katia630,Ginette140,Emmerich580,,Baumbach677,M,white,nonhispanic,F,Quincy  Massachusetts  US,322 Johnston Divide,Dennis,Massachusetts,Barnstable County,25001,02638,41.77105871697033,-70.24184425010658,12341.01,469777.54,12294
c7345f91-17dc-1835-2d0c-7e2e53bcbe2a,1947-06-22,2017-10-26,999-31-5254,S99965637,X49578182X,Mr.,Denis399,,Ryan260,,,W,white,nonhispanic,M,Malden  Massachusetts  US,449 Russel Fort,Fall River,Massachusetts,Bristol County,25005,02721,41.66495689743449,-71.1794128253226,269288.38,1193693.00,3183
4a427be4-625b-bfd2-e0a2-e783af7b0bae,1997-01-22,,999-31-6440,S99939985,X41270310X,Mr.,Tracey100,Alfonso758,King743,,,M,black,nonhispanic,M,Boston  Massachusetts  US,913 Rohan Path,Winthrop,Massachusetts,Suffolk County,25025,02152,42.32446635772949,-71.00020040180657,5873.62,77907.17,18271
dd47c60f-7f33-6452-50dc-a92d33246545,1928-01-01,,999-90-5684,S99963957,X34717069X,Mr.,Elijah719,Jeramy610,Feest103,,,M,white,nonhispanic,M,Quincy  Massachusetts  US,143 Sanford Trafficway,Falmouth,Massachusetts,Barnstable County,25001,02540,41.62374480313204,-70.62211686374926,336945.54,544654.41,50584
14e58f05-a88e-dfc7-41e2-b457b3c7ceb9,2013-11-10,,999-37-2495,,,,Rudy520,Ernie189,Stroman228,,,,white,nonhispanic,M,North Adams  Massachusetts  US,527 Douglas Junction,Somerville,Massachusetts,Middlesex County,25017,02138,42.39689677701931,-71.11823321466836,34801.40,21133.22,36652
cbf34e56-454e-a513-99e2-f695ba4e7e58,1915-10-27,2005-02-12,999-20-1796,S99976397,X67970387X,Mr.,Ellsworth48,Johnathan55,O'Reilly797,,,S,black,nonhispanic,M,Newburyport  Massachusetts  US,641 Zemlak Bridge,Boston,Massachusetts,Suffolk County,25017,02467,42.320850293218896,-71.13783595859273,88362.57,1547862.86,23004
9ca8b1e9-d3b6-c40a-77dd-658356d9629f,2000-12-03,,999-77-7446,S99911400,X44460642X,Ms.,Marg761,Pia232,Hilpert278,,,,white,nonhispanic,F,Grafton  Massachusetts  US,550 Pfannerstill Bypass,Boston,Massachusetts,Suffolk County,25025,02124,42.33282049111641,-71.07279311169569,102088.21,0.00,99379
615ec12d-33b9-c581-53c4-019e88c59ffe,1948-10-07,,999-29-8569,S99955526,X91087433X,Mrs.,Cyndy549,Regine404,Huel628,,West559,M,black,nonhispanic,F,Holyoke  Massachusetts  US,1077 Zulauf Highlands,Winchester,Massachusetts,Middlesex County,25017,01890,42.484704558697224,-71.18369925882465,868656.81,317931.02,118035
7b2891b6-8cc8-4c40-fdb9-2214808b1f03,1966-06-22,,999-48-8983,S99978001,X21164818X,Mr.,Carl856,Reyes140,Wisoky380,,,D,asian,nonhispanic,M,Everett  Massachusetts  US,1054 Walter Park,Boston,Massachusetts,Suffolk County,25025,02119,42.30870632765273,-71.09814944079942,260067.02,479427.78,83668
877d4c87-8596-6233-7242-ac900b201c72,1957-05-03,,999-45-6349,S99993577,X44683437X,Mr.,Gerald181,,Strosin214,,,M,white,nonhispanic,M,Boston  Massachusetts  US,658 Schowalter Key Unit 9,Lowell,Massachusetts,Middlesex County,25017,01851,42.62564736262168,-71.25304469458646,99466.76,862685.23,415954
5bfd9e29-3d96-8d30-6eb3-e178a02a5fe4,1991-01-22,,999-66-6551,S99924691,X66647309X,Mr.,Lazaro919,Luther918,Mitchell808,,,M,white,nonhispanic,M,Beverly  Massachusetts  US,404 Carroll View,Weymouth,Massachusetts,Norfolk County,25021,02189,42.220831440890336,-70.89629097751846,6130.34,73767.25,21211
c57ef874-3a6c-883e-de0d-f9935612ea43,1975-03-06,,999-56-8973,S99947841,X18728637X,Mr.,Horacio317,,Schmeler639,,,M,black,nonhispanic,M,Boston  Massachusetts  US,722 Orn Track,Pembroke,Massachusetts,Plymouth County,,00000,42.019928869503524,-70.84468664813782,69929.80,98805.63,506199
7d5edbae-99fb-8eec-6e67-ce42fdf23e7e,1958-05-17,,999-25-3622,S99946064,X57895918X,Mr.,Bertram873,Gonzalo160,Hudson301,,,M,other,hispanic,M,Boston  Massachusetts  US,227 Pollich Meadow,Boston,Massachusetts,Suffolk County,25025,02122,42.341443210350114,-71.04877061009716,413635.56,49657.65,63018
a850be45-08c0-0584-e8e6-78983be5d49f,2017-02-26,,999-78-4953,,,,Mitchell808,,Schultz619,,,,asian,nonhispanic,M,Milton  Massachusetts  US,451 Little Heights,Merrimac,Massachusetts,Essex County,,00000,42.813962177456474,-71.02582669086229,25269.23,0.00,664492
a1c066e2-78b7-23af-1326-fdcda9dea491,2004-09-09,,999-90-8225,S99949279,X05109435X,Mr.,Clint766,Gilbert263,Zemlak964,,,,white,nonhispanic,M,Boston  Massachusetts  US,986 Orn Trace Suite 16,Somerville,Massachusetts,Middlesex County,25017,02144,42.382789436120824,-71.13427297332987,67415.35,10930.45,58971
9a666aad-833b-a294-f1ff-7ebc0231f699,1970-06-18,,999-88-2512,S99953630,X47759363X,Ms.,Jani266,Suzann567,Steuber698,,,S,white,nonhispanic,F,Gardner  Massachusetts  US,255 Dare Center,Holliston,Massachusetts,Middlesex County,,00000,42.22506716769345,-71.47695640801179,22571.61,814546.56,132814
a4adc6fc-1bdb-0523-e0b8-0c5f5a567b54,2003-01-08,,999-19-3214,S99931840,X53531301X,Mr.,Bart73,Jose871,Farrell962,,,,white,nonhispanic,M,Holyoke  Massachusetts  US,987 Christiansen Grove Unit 31,Cambridge,Massachusetts,Middlesex County,25017,02140,42.37987423090075,-71.11167998558818,80152.68,0.00,119639
8d5cb79d-0075-f21d-df55-a413c0237e4a,2007-03-06,2018-10-19,999-24-2774,,,,Bernardo699,,Ornelas92,,,,white,hispanic,M,Carolina  Puerto Rico  PR,657 Hahn Well Apt 12,Springfield,Massachusetts,Hampden County,25013,01108,42.07790394684324,-72.52122198279228,41308.58,1087.71,151272
5921d0ca-671e-3598-1532-8d9a756f632c,1954-06-28,,999-11-5292,S99987669,X52144115X,Mr.,Delmar187,Mario764,Tromp100,,,D,white,nonhispanic,M,Lawrence  Massachusetts  US,317 Anderson Crossroad,Fall River,Massachusetts,Bristol County,25005,02790,41.73024729473454,-71.12903887493424,223014.28,498698.63,23845
e26c5274-589e-84bf-eafa-364b0262c402,1986-11-19,,999-51-8765,S99979969,X14151403X,Mrs.,Silvia880,Soledad678,Dooley940,,Windler79,M,white,nonhispanic,F,Boston  Massachusetts  US,1064 Emard Station Suite 87,Norfolk,Massachusetts,Norfolk County,,00000,42.14432002022025,-71.37343822414088,172939.45,356645.27,892991
115b6005-57f8-f4ab-24aa-c770cb71814b,1984-10-27,,999-80-8116,S99932408,X95810121X,Mr.,Chung121,Arlen68,Hintz995,,,M,white,nonhispanic,M,Randolph  Massachusetts  US,1026 Erdman Meadow Apt 58,Chelmsford,Massachusetts,Middlesex County,,00000,42.62532413187624,-71.33115295492746,93050.52,5049.65,96254
29300899-7483-a756-2faf-57bde6d5bb16,2007-03-06,,999-20-8268,S99938570,,Mr.,Nicolás801,Ramón841,Carrero892,,,,white,hispanic,M,Lima  Lima Province  PE,997 Luettgen Orchard Apt 38,Springfield,Massachusetts,Hampden County,25013,01151,42.13980956621836,-72.50232746101786,20422.56,42446.39,151272
44619eed-248f-4a9a-33d1-0258a4005187,1954-09-30,2020-09-17,999-94-5808,S99952202,X63087662X,Mr.,Douglass930,Edward499,Fay398,,,S,black,nonhispanic,M,Lexington  Massachusetts  US,673 Zemlak Divide Suite 19,Fall River,Massachusetts,Bristol County,25005,02747,41.742256772972056,-71.08716391520522,31092.02,631129.20,21887
5dfb0f2a-4e43-93a7-6022-437debb6bf5c,1960-10-20,,999-34-5028,S99989118,X35256532X,Mrs.,Julianna856,Eunice461,Davis923,,Runolfsson901,M,white,nonhispanic,F,Saugus  Massachusetts  US,770 Ondricka Viaduct Apt 23,Tisbury,Massachusetts,Dukes County,,00000,41.51608121258232,-70.65130896075603,525347.67,140180.37,91271
f195db6e-7f28-68b4-3a14-cca8e753ec0a,2009-04-02,,999-67-1984,S99967290,,,Victor265,Willis868,Hills818,,,,white,nonhispanic,M,Boston  Massachusetts  US,416 Haley Esplanade Apt 53,Chelmsford,Massachusetts,Middlesex County,,00000,42.55708910167257,-71.3888491676989,35197.10,46401.22,126308
ef3b267b-9a1a-ba1f-652a-562f3c981117,2005-01-18,,999-60-4660,S99939714,X34352329X,Ms.,Babara869,,Gaylord332,,,,white,nonhispanic,F,Braintree  Massachusetts  US,954 Crona Harbor Suite 8,Lowell,Massachusetts,Middlesex County,25017,01850,42.62641659863348,-71.35080878324752,37517.84,122236.55,411379
3c9b5a8f-7d68-4e4e-93f6-e83178550e8b,1947-06-22,2007-05-09,999-34-6373,S99944339,X97561370X,Mr.,Marlin805,Will178,Vandervort697,,,D,white,nonhispanic,M,Amherst Center  Massachusetts  US,1080 Ward Estate,Fall River,Massachusetts,Bristol County,25005,02723,41.75523369690628,-71.12047678200372,16823.32,847159.73,3183
9a4bd36e-06b1-3fb5-0d7f-7dd7a00f1c19,1963-02-10,,999-36-6577,S99920697,X10623976X,Mrs.,Floretta117,Verla696,Smitham825,,Cremin516,M,white,nonhispanic,F,Acton  Massachusetts  US,657 O'Hara Wynd Suite 51,Bernardston,Massachusetts,Franklin County,,00000,42.734435123209195,-72.52811886069345,906327.13,484400.21,94898
87d0dea9-4338-e6fa-cde0-a252b59b28f9,1961-05-19,,999-36-7185,S99984054,X51417250X,Mrs.,Samuel331,Shavon903,Koss676,,Ortiz186,D,white,nonhispanic,F,Sandwich  Massachusetts  US,654 Gottlieb Key Suite 51,Auburn,Massachusetts,Worcester County,,00000,42.19972374846428,-71.83336329214086,594748.61,4884.25,69741
fefdf000-185b-3c0b-946d-c63833860ad6,2018-12-21,,999-34-3960,,,,Francina926,Mendy939,Heaney114,,,,white,nonhispanic,F,Worcester  Massachusetts  US,497 Corwin Tunnel,Newburyport,Massachusetts,Essex County,25009,01950,42.85607623598675,-70.91077318670705,34320.94,0.00,64467
2c635b52-c861-37d0-670a-0d194be14ec9,1994-07-24,,999-28-8535,S99983303,X93976747X,Mrs.,Vickie113,Iona921,Hickle134,,Bosco882,M,white,nonhispanic,F,Rockport  Massachusetts  US,146 Ritchie Frontage road,New Marlborough,Massachusetts,Berkshire County,,00000,42.09269304708258,-73.23966774729027,142019.08,301045.33,70035
ec1c5cfc-f0dc-5082-d0c0-bd62a9594220,1999-08-07,,999-35-6850,S99927281,X71346052X,Mr.,Jacob959,Gene733,Dickens475,,,,black,nonhispanic,M,Boston  Massachusetts  US,566 Tillman Approach,Springfield,Massachusetts,Hampden County,25013,01104,42.07887236152436,-72.59040979437405,6630.56,74536.78,15778
94fcd55a-7a5d-0e89-ea49-fe0382bb6f09,1994-06-22,,999-48-3527,S99973698,X45833972X,Mr.,Roberto515,Harris789,Renner328,,,M,other,nonhispanic,M,New Bedford  Massachusetts  US,406 Kunze Landing,Wellesley,Massachusetts,Norfolk County,25021,02457,42.29302493865357,-71.27308737446772,76548.37,28987.06,68759
69dbb7e1-5f3d-bf80-1ea2-1859d3e9ffdd,1999-01-06,2009-09-04,999-80-4631,,,,Oscar384,Steve819,Reynolds644,,,,white,nonhispanic,M,Merrimac  Massachusetts  US,197 Dooley Ville,Billerica,Massachusetts,Middlesex County,,00000,42.51415261892071,-71.31029799931804,2419.76,67657.42,24266
bc8b498d-6898-5aae-b5a4-14da80e14241,1998-04-04,,999-69-3989,S99972622,X56952859X,Ms.,Syble581,,Schmeler639,,,,white,nonhispanic,F,Charlton  Massachusetts  US,943 Cormier Union Apt 23,Bellingham,Massachusetts,Norfolk County,25021,02019,42.075504926428025,-71.46112898361565,153705.71,393190.76,925863
d1aaf811-d26d-1478-f149-2f6b55fd100b,1996-06-17,,999-47-3112,S99931307,X15966746X,Mrs.,Odilia72,Maritza144,Ratke343,,Abshire638,M,white,nonhispanic,F,East Bridgewater  Massachusetts  US,269 Crist Junction,Salem,Massachusetts,Essex County,25009,01970,42.50918043061778,-70.86674340460375,185250.51,167703.17,84802
e83ccb9b-9325-be4b-ec94-c848e9cb9d5b,1947-06-22,1988-10-15,999-71-5204,S99944342,X00702623X,Mr.,Hilton264,,Kassulke119,,,S,white,nonhispanic,M,Marlborough  Massachusetts  US,195 Swaniawski Trail,Fall River,Massachusetts,Bristol County,25005,02723,41.580493786932465,-71.10600714609,6654.25,120133.31,3183
935f6500-012f-6a7b-9bd2-a9082d91b4f2,1999-01-06,,999-85-1769,S99935904,X47702980X,Mr.,Arturo47,Stan246,Predovic534,,,,white,nonhispanic,M,Dracut  Massachusetts  US,575 Stoltenberg Viaduct,Billerica,Massachusetts,Middlesex County,,00000,42.523499119962274,-71.23386664801302,11624.45,61681.03,24266
729de516-0b87-37aa-e546-2e0654c0697f,1961-05-27,2016-11-30,999-44-2606,S99949585,X11509921X,Ms.,Johanne551,Meghann680,Stark857,,,S,white,hispanic,F,Lawrence  Massachusetts  US,439 Kuhn Trailer Suite 12,Haverhill,Massachusetts,Essex County,25009,01832,42.75703604586598,-71.0575915136659,20017.38,1128781.69,17332
2a61fcb1-18c7-87fc-32b0-e606889dc72e,1966-07-15,,999-65-5651,S99994483,X80297792X,Mrs.,Darcy899,Lorriane838,Heathcote539,,Senger904,M,white,nonhispanic,F,Boston  Massachusetts  US,629 Hintz Light,Seekonk,Massachusetts,Bristol County,,00000,41.7976532400132,-71.3343872029105,258415.28,1137145.28,33294
77325ad4-929e-93cb-b6a5-d740eeea37b2,1993-07-06,,999-52-8485,S99976724,X46156492X,Mrs.,Yuette836,Giuseppina753,Yost751,,Stokes453,M,white,nonhispanic,F,Hudson  Massachusetts  US,847 Smitham Burg,Somerville,Massachusetts,Middlesex County,25017,02155,42.394739170108515,-71.12627443235097,111731.18,296575.73,117602
6995c083-9505-fbe5-b812-07efac85af3f,1965-08-18,,999-23-2295,S99961339,X82024325X,Mrs.,Chang901,Mitsue965,Lueilwitz711,,Koepp521,D,white,nonhispanic,F,Gloucester  Massachusetts  US,210 Adams Heights Apt 30,Canton,Massachusetts,Norfolk County,,00000,42.1770357915944,-71.07901489774514,98223.65,1653730.95,22392
e9b91c69-521d-cd3f-f265-0977764de12e,1966-08-11,,999-29-8078,S99994527,X53020581X,Mrs.,Jestine4,Chery887,Greenfelder433,,Yundt842,D,white,nonhispanic,F,Lawrence  Massachusetts  US,379 Hills Run,Amherst,Massachusetts,Hampshire County,,00000,42.363066963613065,-72.52882119866918,840390.48,887928.05,38025
4ff4e903-faaa-b287-1dce-342957036387,1971-08-15,,999-76-4674,S99985505,X78220641X,Mrs.,Florene115,,Schuppe920,,Wunsch504,M,white,nonhispanic,F,Shirley  Massachusetts  US,285 Olson Drive,Brockton,Massachusetts,Plymouth County,25023,02302,42.039979877732506,-71.0632706080663,19135.36,533942.20,9201
f7a2e7b9-ed62-3223-e092-25a29cf0f5c8,2019-08-22,,999-98-8664,,,,Carol737,Shantay950,Kemmer137,,,,white,nonhispanic,F,Boston  Massachusetts  US,941 Auer Run,Scituate,Massachusetts,Plymouth County,25023,02066,42.17782709886696,-70.80185776193792,11179.27,11267.80,32389
e36f814a-6f23-1b96-2fae-86d9028c07f6,1987-04-28,,999-65-7543,S99968626,X31885343X,Mr.,Chong355,Thaddeus38,Kiehn525,,,M,black,nonhispanic,M,Attleboro  Massachusetts  US,723 Kshlerin Camp Suite 56,Boston,Massachusetts,Suffolk County,25025,02126,42.31591850670078,-71.07364136913272,193723.22,0.00,80876
b8c5d4d7-c700-8513-3fb7-39f19657e488,1966-06-27,,999-57-8181,S99990681,X21280939X,Mr.,Marcos263,,Nicolas769,,,D,white,nonhispanic,M,Smith Mills  Massachusetts  US,727 Klocko Highlands Apt 66,Swampscott,Massachusetts,Essex County,25009,01907,42.43403700365837,-70.88491851643542,153143.43,861942.68,186699
ab3b6ef8-d6ff-3158-b954-1d131684e022,1975-12-06,,999-44-6374,S99977502,X25814284X,Mr.,Jimmy858,Ivan258,Kozey370,,,M,black,nonhispanic,M,Smith Mills  Massachusetts  US,345 Stanton Light Apt 70,Norwood,Massachusetts,Norfolk County,25021,02062,42.16169835144707,-71.22035102980449,307282.49,0.00,61804
b8aff3fe-919d-ff20-503f-1968c6a803ef,1979-01-22,,999-31-3965,S99982990,X59108477X,Mrs.,Nathalie366,Justa309,Daugherty69,,Larson43,M,white,nonhispanic,F,North Attleborough  Massachusetts  US,166 Conroy Light,Franklin,Massachusetts,Norfolk County,25021,02038,42.11965245541661,-71.40330064691112,413166.96,98694.07,71101
448a46fa-bb02-0b08-4871-fc7b05423398,1993-04-08,,999-89-2802,S99931560,X20730695X,Mr.,Carey440,,Klocko335,,,M,white,nonhispanic,M,Newton  Massachusetts  US,417 Schowalter Orchard,Watertown,Massachusetts,Middlesex County,25017,02472,42.35136865371401,-71.12925739810017,55135.73,777.83,674788
4b0e6ffe-d18a-7d60-542b-3a46d1a99d59,1961-05-27,,999-43-6829,S99991557,X32049431X,Mrs.,Roselia779,Elease461,Cassin499,,Schmeler639,M,white,hispanic,F,Orleans  Massachusetts  US,1064 Kris Throughway Apt 15,Haverhill,Massachusetts,Essex County,25009,01835,42.77376734444365,-71.09489437578223,29255.22,1024089.90,17332
71f97e3f-395e-d5cb-c90c-405f33c64945,1954-09-30,,999-70-2372,S99946652,X17952233X,Mr.,Rashad361,Earnest658,Ratke343,,,D,black,nonhispanic,M,Yarmouth  Massachusetts  US,687 Kuphal Fort Apt 48,Fall River,Massachusetts,Bristol County,25005,02721,41.66085019470065,-71.08355083520324,45096.53,1201118.09,21887
856667df-fbbf-6c70-79f6-0659630d1d6f,1965-06-25,,999-48-7607,S99926175,X30062480X,Mr.,Hank686,Rosario163,Conn188,,,D,white,nonhispanic,M,Brookline  Massachusetts  US,705 Okuneva Hollow Unit 97,Newton,Massachusetts,Middlesex County,25017,02460,42.31293878696891,-71.20060526657795,160729.24,58021.47,599246
c535fc29-edcb-97b0-c753-54f3cc0aa14b,1947-06-22,,999-59-9967,S99992654,X69099890X,Mr.,Columbus656,Seth414,Dicki44,,,D,white,nonhispanic,M,Leominster  Massachusetts  US,918 Zemlak Course,Fall River,Massachusetts,Bristol County,25005,02747,41.74326000854938,-71.08638069663004,54251.03,364942.78,3183
bf8bd80e-32d0-01f0-ef6f-442657b24012,1975-05-08,,999-48-3785,S99939066,X56566828X,Mr.,Donald774,,Cartwright189,,,M,white,nonhispanic,M,Newton  Massachusetts  US,519 Dach View Suite 75,Brockton,Massachusetts,Plymouth County,25023,02302,42.1342192674697,-70.93478065648712,157082.67,30262.54,160971
d9b01d16-5fe8-63f9-dd6d-79234ec480a8,1995-09-23,,999-20-2994,S99982752,X01848058X,Ms.,Helene803,,Kovacek682,,,S,white,nonhispanic,F,Stow  Massachusetts  US,194 Nikolaus Orchard,Walpole,Massachusetts,Norfolk County,25021,02081,42.10132106079345,-71.3050188492924,95308.19,822521.71,468058
8875fe95-68f3-2cc1-dfa5-83e13a963044,1973-07-13,,999-71-7819,S99928729,X39275582X,Mr.,Byron202,Olen518,Nikolaus26,,,D,white,nonhispanic,M,Ipswich  Massachusetts  US,317 VonRueden Underpass Suite 2,Cambridge,Massachusetts,Middlesex County,25017,02138,42.35238290147306,-71.18652910562315,113874.61,31206.29,116017
bf166662-0db4-bd99-cf4c-5bc7368845e2,1982-07-02,,999-81-9941,S99960495,X08427514X,Mr.,José Eduardo181,Marcos263,Carrion142,,,M,white,hispanic,M,Panama City  Panama  PA,343 Yundt Track Suite 91,Acushnet,Massachusetts,Bristol County,,00000,41.67125940632476,-70.89242891530343,109127.41,30364.19,34617
bdae90c8-0835-4637-406a-b3e9e64d3f83,1965-02-09,,999-51-7206,S99928964,X38492618X,Mr.,Wilbert25,Bryant814,Wyman904,,,S,black,nonhispanic,M,Tewksbury  Massachusetts  US,350 Mraz Lane Suite 41,Natick,Massachusetts,Middlesex County,,00000,42.244881317476754,-71.37104423301186,176026.74,125267.79,68803
b8aad163-e65d-7782-754f-4b8e7ad8deb9,1987-11-21,,999-32-7032,S99922045,X97437697X,Mrs.,Zulma701,Rita460,Hessel84,,Labadie908,M,white,nonhispanic,F,Southbridge  Massachusetts  US,738 Barrows Course Suite 11,Upton,Massachusetts,Worcester County,25027,01568,42.142165702471175,-71.61797575743151,227551.87,735322.02,910531
cfafed0e-81ae-f562-aed9-8c67d025e84c,1977-12-05,,999-56-9158,S99930334,X70535474X,Mrs.,Socorro465,,D'Amore443,,Schinner682,D,white,nonhispanic,F,Holyoke  Massachusetts  US,330 Wisoky Bridge,Revere,Massachusetts,Suffolk County,25025,02151,42.41947701584729,-71.03591208031933,281135.96,680669.91,437141
431da1b2-a2f6-b758-9bb7-55966e95087f,2019-12-23,,999-95-7193,,,,Eufemia350,,Larson43,,,,white,nonhispanic,F,Quincy  Massachusetts  US,396 Collins Bridge,Braintree,Massachusetts,Norfolk County,25021,02184,42.242793844601394,-71.03556754254426,8659.41,4483.37,419561
a10526c6-c7c5-d755-8e13-b3efbe7fd702,1988-11-23,,999-93-9775,S99918521,X69205885X,Mrs.,Carlota980,Guillermina633,Noriega353,,Carrillo204,D,white,hispanic,F,Carolina  Puerto Rico  PR,1077 White Arcade Apt 62,Medford,Massachusetts,Middlesex County,25017,02145,42.37567981869761,-71.139341308021,67059.54,216701.41,23432
513eba84-da56-4827-c7fa-94eaa9676f6a,2024-01-07,,999-55-6134,,,,Tony646,Shane235,Rath779,,,,white,nonhispanic,M,Lowell  Massachusetts  US,816 Blick Boulevard Suite 80,Boston,Massachusetts,Suffolk County,25025,02129,42.330373112160345,-71.14498235814408,7675.13,0.00,48717
84e47337-b54f-e484-9d95-bcc99432316b,1991-10-15,,999-51-3231,S99910684,X87862152X,Mrs.,Martine382,,Cassin499,,Wyman904,M,white,nonhispanic,F,Lexington  Massachusetts  US,197 Weimann Green,Boston,Massachusetts,Suffolk County,25025,02199,42.3312822215428,-71.10347635676892,167015.30,450327.74,186821
10e1e533-f085-83eb-b559-64c5e2cf93dc,1973-05-05,,999-42-5934,S99910895,X58144760X,Mr.,Morton637,Carroll471,Lind531,,,S,white,nonhispanic,M,Whitman  Massachusetts  US,827 Zemlak Park Unit 96,North Attleborough,Massachusetts,Bristol County,,00000,41.9652474476394,-71.33082320274063,80480.17,128823.73,125693
f741f0ea-4f77-db69-5c6d-758dfab6c30c,2011-06-06,,999-67-8880,,,,Stephenie799,Damaris45,Walker122,,,,white,nonhispanic,F,New Bedford  Massachusetts  US,1034 Swaniawski Passage,Springfield,Massachusetts,Hampden County,25013,01129,42.13968054442302,-72.5152521646584,15212.30,207612.01,137064
ad4dbe9e-d41b-ccee-09de-270c73976a64,2018-09-09,,999-17-3645,,,,Charita800,Khalilah870,Kuhlman484,,,,white,nonhispanic,F,Lawrence  Massachusetts  US,852 Olson Spur,Lawrence,Massachusetts,Essex County,25009,01840,42.704601465789274,-71.17543317175773,18481.04,1730.40,83038
ee539c72-4e8f-05e1-1200-a8bab1f3bc83,2001-09-01,,999-86-8447,S99983906,X54121634X,Ms.,Lyndsey828,Nikita578,Hilll811,,,,white,nonhispanic,F,Amherst  Massachusetts  US,749 Kris Viaduct Suite 53,Wilbraham,Massachusetts,Hampden County,25013,01095,42.160569924913204,-72.4219992293778,117465.16,138029.30,122687
f8457a1a-ed35-24b7-7396-fba39003b492,2002-10-30,,999-33-4470,S99963651,X07995263X,Ms.,Tana168,Daina567,Gislason620,,,,white,nonhispanic,F,Boston  Massachusetts  US,728 Marks Underpass Unit 68,Franklin,Massachusetts,Norfolk County,25021,02038,42.125239212166235,-71.37859260339825,66142.53,18783.44,123668
b6438375-5ce8-fa0d-03aa-f3416896f8ba,1941-07-15,,999-80-2263,S99949589,X35027914X,Mr.,Everette494,Antony83,Nolan344,,,S,white,nonhispanic,M,Leominster  Massachusetts  US,184 Morar Station,Provincetown,Massachusetts,Barnstable County,25001,02657,42.0144317592705,-70.22865629122651,260894.34,210936.09,56089
5b78e9e3-c838-1749-2bd4-aa0795ab8c72,1968-08-13,2016-09-11,999-22-5032,S99926330,X00092750X,Mr.,Wm806,,Hintz995,,,S,white,nonhispanic,M,Holliston  Massachusetts  US,210 Schaden Mill,Lawrence,Massachusetts,Essex County,25009,01841,42.71265770711613,-71.13216800244717,154970.52,84189.16,39578
7dc84ab2-9b27-f3f6-53d1-387e09338937,2004-02-09,,999-41-2723,S99976853,X54493545X,Ms.,Nadine465,Page791,Wisozk929,,,,white,hispanic,F,Medford  Massachusetts  US,531 Wuckert Pathway Apt 58,Yarmouth,Massachusetts,Barnstable County,,00000,41.721534888257196,-70.25048808901823,67220.10,572232.56,33360
87957be3-114c-cb0a-64a6-fb47436be2f7,1954-05-23,,999-10-4045,S99951487,X73607940X,Mrs.,Kirstie385,,Gislason620,,Nienow652,M,asian,nonhispanic,F,Warren  Massachusetts  US,573 Mann Light,Gardner,Massachusetts,Worcester County,25027,01440,42.552608022656,-71.94943838346488,30392.62,1221700.82,6309
e05f8b9d-eb43-3e47-ee0a-adb541e9295d,1995-06-01,,999-45-9912,S99914103,X55021303X,Mrs.,Mickie472,Carisa395,Spencer878,,Price929,M,white,nonhispanic,F,Springfield  Massachusetts  US,745 Goodwin Crossroad,Wakefield,Massachusetts,Middlesex County,25017,01880,42.474957255365815,-71.03324361396946,166619.24,462281.52,58195
c4d10517-4119-789e-7104-2e183eeba633,1968-08-29,,999-44-1539,S99913925,X99578097X,Mrs.,Erinn548,Zoila41,Terry864,,Luettgen772,M,white,nonhispanic,F,Marlborough  Massachusetts  US,457 Schinner Grove,Needham,Massachusetts,Norfolk County,25021,02492,42.334778720187245,-71.2736113643081,387319.88,37236.49,76909
c68ed2a6-a675-c883-2379-9729b2e46966,2009-04-07,,999-11-8690,S99976667,,,Delorse592,Camelia346,Lesch175,,,,asian,nonhispanic,F,Somerville  Massachusetts  US,236 Schumm Run Unit 88,Randolph,Massachusetts,Norfolk County,25021,02368,42.155455474883766,-71.0652493590048,73738.77,759914.17,67967
6b8ea2a1-86ab-21f0-0f8c-8d027a08c427,1968-12-09,,999-37-4772,S99978875,X33747835X,Mr.,Aubrey96,Grady603,Weimann465,,,W,white,nonhispanic,M,Worcester  Massachusetts  US,332 Jacobson Orchard,Agawam,Massachusetts,Hampden County,25013,01001,42.036250105578674,-72.64122384171796,165207.52,31896.51,146466
4e945734-4579-9c2d-c93f-78214e2882d3,2025-09-18,,999-72-9861,,,,Myung778,Mammie808,Kuhlman484,,,,white,nonhispanic,F,Boston  Massachusetts  US,1085 Balistreri Lane Unit 78,Southborough,Massachusetts,Worcester County,,00000,42.258172635544916,-71.51277116330925,300.00,4369.65,30237
195d0fd8-bd9a-26db-e808-313cb00a0801,1977-11-09,,999-97-3242,S99922267,X63294804X,Mrs.,Stefani254,,Kertzmann286,,Schmeler639,M,white,hispanic,F,Lynn  Massachusetts  US,1066 Friesen Passage,Williamstown,Massachusetts,Berkshire County,25003,01267,42.637185231519396,-73.19917107374525,291460.82,786417.71,170429
232de42e-6840-3456-8fbd-3e54a858d0ae,2018-01-14,,999-12-1373,,,,Grace552,Leanora120,Lind531,,,,white,nonhispanic,F,Taunton  Massachusetts  US,1092 Gerhold Plaza,New Bedford,Massachusetts,Bristol County,25005,02745,41.76050194859321,-70.85893872403962,9962.83,5659.75,48924
537f90a5-4b31-ca3e-34d7-285244f7c763,1977-09-05,,999-20-5838,S99935673,X17052154X,Mr.,Dale454,Bobby524,Lind531,,,M,white,nonhispanic,M,Smith Mills  Massachusetts  US,593 Bahringer Forge,Plymouth,Massachusetts,Plymouth County,25023,02360,41.922117479280274,-70.60878091732931,97766.60,3931.25,51994
5cb22be6-2137-10ed-0dd0-55a247602744,2002-03-09,,999-37-2922,S99922531,X28273078X,Ms.,Vinnie529,Charlyn749,McCullough561,,,,white,hispanic,F,Sharon  Massachusetts  US,353 Sanford Knoll Suite 36,Boston,Massachusetts,Suffolk County,25025,02110,42.3284933745248,-71.05095454158378,61381.60,110954.45,28466
802052ec-3b1e-e55c-8d03-9efcb6e89a85,1963-12-24,,999-42-1400,S99915107,X12491747X,Mr.,Edward499,,Padberg411,,,M,black,nonhispanic,M,Newton  Massachusetts  US,753 Blick Center Suite 31,Westford,Massachusetts,Middlesex County,,00000,42.57737614505723,-71.46616478629888,165343.87,22894.43,191852
876a6bf4-a4c2-8291-62e7-0193b71ad5f0,1962-02-28,2021-03-03,999-62-8774,S99986530,X98220084X,Mrs.,Lexie163,Thuy136,Ernser583,,Kulas532,M,native,nonhispanic,F,Milton  Massachusetts  US,885 McLaughlin Station Unit 94,Fall River,Massachusetts,Bristol County,25005,02790,41.714068852338976,-71.13976613119165,99918.13,1332310.40,24297
17272513-d628-f0db-83e0-b46e41eb51af,1968-08-13,,999-74-8560,S99945520,X81718649X,Mr.,Walter473,Roy364,Ryan260,,,S,white,nonhispanic,M,Ipswich  Massachusetts  US,382 Fisher Orchard Unit 12,Lawrence,Massachusetts,Essex County,25009,01843,42.705427737549016,-71.1818927720603,113573.23,24102.23,39578
3cc76fc5-57f9-2796-3fa6-d69b1f30cb90,1999-03-19,,999-41-6935,S99998602,X28850121X,Ms.,Rozella39,,Lind531,,,,native,hispanic,F,West Falmouth  Massachusetts  US,1005 Graham Brook,Attleboro,Massachusetts,Bristol County,25005,02703,41.953194288777375,-71.27683640089887,128581.86,182205.60,163300
ce0acd7e-84ec-84cd-3408-0659e1b4a717,2014-12-15,,999-33-3317,,,,Vanetta255,Dorine689,Botsford977,,,,white,nonhispanic,F,Boston  Massachusetts  US,361 Koepp Arcade,Amherst,Massachusetts,Hampshire County,,00000,42.39806630920357,-72.51181639906855,34374.42,3493.34,130199
9bae4d98-16a2-109e-670c-edd2312236cd,1992-08-24,,999-25-3622,S99919681,X50427992X,Mrs.,Fran41,,Renner328,,Kihn564,M,white,nonhispanic,F,Springfield  Massachusetts  US,218 Rohan Burg Apt 44,Newton,Massachusetts,Middlesex County,25017,02465,42.29773696855974,-71.21365228805585,198977.11,701928.86,276613
db09405a-b0d0-c8b9-13d6-af85353d27d4,1915-10-27,2001-11-19,999-62-2443,S99924162,X03155999X,Mr.,Vern731,,Kuvalis369,,,D,black,nonhispanic,M,Chelsea  Massachusetts  US,674 Gibson Bay,Boston,Massachusetts,Suffolk County,25025,02109,42.413242571858795,-71.09185140587252,60755.03,946719.88,23004
89fb8058-fedc-65e2-c51b-6295da522d58,1996-04-22,,999-34-6110,S99911390,X08118650X,Mrs.,Mirta419,Emmy828,Crist667,,Schumm995,M,black,nonhispanic,F,Waltham  Massachusetts  US,624 Medhurst Parade,Revere,Massachusetts,Suffolk County,25025,02151,42.38652196509557,-70.94256148999509,113248.89,389730.53,71130
3d337b77-2d7a-b7a8-c4c2-41b1178b4730,1961-05-16,,999-24-9977,S99993892,X33623380X,Mr.,Anthony633,Garrett899,Welch179,,,M,white,nonhispanic,M,Becket  Massachusetts  US,634 D'Amore Flat Unit 76,Yarmouth,Massachusetts,Barnstable County,,00000,41.63393465121601,-70.19754364265586,145706.92,47926.18,26745
01ce0b78-d040-13ca-ef2f-7b66b002251d,1969-05-27,,999-42-6292,S99933164,X75337450X,Mrs.,Phylis163,Lucrecia714,Gaylord332,,Kohler843,M,white,nonhispanic,F,Lawrence  Massachusetts  US,1086 Braun Road,Leominster,Massachusetts,Worcester County,25027,01453,42.51232509511229,-71.7263386289799,34543.99,1035772.43,23272
78d8971f-3a0d-2e2d-419f-e2cb571e99ce,1970-10-14,,999-46-5672,S99937549,X54666054X,Ms.,Iluminada398,Brianna665,Schowalter414,,,S,hawaiian,nonhispanic,F,Quincy  Massachusetts  US,140 Botsford Camp,Bedford,Massachusetts,Middlesex County,25017,01730,42.46046511478502,-71.25250012174685,237835.86,456906.20,586553
14a5a7c8-40a1-f90e-7fdb-aefc4eda05ce,1978-07-27,,999-27-6635,S99929414,X38466445X,Mr.,Valentin929,Merrill415,McLaughlin530,,,M,black,nonhispanic,M,Boston  Massachusetts  US,1072 Hodkiewicz Park,Arlington,Massachusetts,Middlesex County,25017,02476,42.389665919971506,-71.17826897314345,506714.77,367158.11,81910
180de0a1-e400-176d-fb90-a003d8ac0d0c,1982-04-22,,999-16-6485,S99942354,X92759189X,Mr.,Cyrus914,,McCullough561,,,M,black,nonhispanic,M,Boston  Massachusetts  US,373 Hodkiewicz Overpass,Haverhill,Massachusetts,Essex County,25009,01835,42.77682086965248,-71.17693002199215,86485.33,666638.29,192542
b87adc1b-7cfd-0896-9013-85245e825065,2017-11-23,2020-02-27,999-20-3380,,,,Steve819,Isiah14,Hackett68,,,,white,nonhispanic,M,Saugus  Massachusetts  US,598 Kohler Dam,Springfield,Massachusetts,Hampden County,25013,01119,42.10553311093238,-72.57342219526042,439.57,20738.19,27399
dc3dff88-ef2f-e3fd-ce00-e08076e53c3b,2001-12-10,,999-31-2835,S99988335,X07376763X,Mr.,Wilton999,Deandre599,Jones311,,,,white,nonhispanic,M,Leominster  Massachusetts  US,1099 Runolfsson Light Apt 84,Newton,Massachusetts,Middlesex County,25017,02467,42.387227310499,-71.25859939638673,67076.99,2185.18,365820
7ac68bef-f100-7ed9-418c-a9fbc26bb99e,1998-08-24,,999-77-2471,S99913488,X60988508X,Mr.,Erik495,Lon587,Lynch190,,,,white,nonhispanic,M,Boston  Massachusetts  US,1097 Macejkovic Arcade,Concord,Massachusetts,Middlesex County,,00000,42.491119973566605,-71.32824671519134,70830.08,0.00,117921
850b0b00-9bc6-b155-1832-83b63b7b821b,1984-04-30,,999-35-7959,S99941794,X17808910X,Mr.,Chuck784,,Renner328,,,M,hawaiian,nonhispanic,M,Natick  Massachusetts  US,973 Marks Knoll Apt 28,Arlington,Massachusetts,Middlesex County,25017,02476,42.41489398337926,-71.13238691832102,48414.25,52700.82,184809
d981e3a9-ef2d-617f-6d8c-1b9b9a0bc99c,1962-02-05,,999-90-9644,S99988118,X40345254X,Mrs.,Chia293,Rasheeda241,Gislason620,,Ferry570,W,black,nonhispanic,F,Hinsdale  Massachusetts  US,898 Braun Common Unit 26,Boston,Massachusetts,Suffolk County,25025,02132,42.34822829979391,-71.02017330472046,366191.31,97224.89,40451
9d3becc9-b614-dc45-1104-5117d89ec966,2017-11-23,,999-41-6271,,,,Oliver401,Daniel959,Bogan287,,,,white,nonhispanic,M,Quincy  Massachusetts  US,169 Carter Port,Springfield,Massachusetts,Hampden County,25013,01109,42.13562300584004,-72.53913213281454,8032.57,6311.08,27399
466f7ad6-9f21-884b-48ae-c6a926e67403,1972-10-09,,999-17-9062,S99922132,X82670392X,Mr.,Fabian647,Noel608,Turner526,,,D,white,nonhispanic,M,Boston  Massachusetts  US,1053 Ullrich Tunnel Suite 85,Ocean Bluff-Brant Rock,Massachusetts,Plymouth County,,00000,42.07036034487203,-70.61338323649613,110307.29,6385.62,64608
cf130b12-f374-1f60-c2e1-c5b54228e15d,1962-02-28,,999-64-5950,S99965725,X61605743X,Mrs.,Dreama246,Leilani136,Keebler762,,Rogahn59,D,native,nonhispanic,F,West Springfield  Massachusetts  US,499 Swift Gardens Unit 2,Fall River,Massachusetts,Bristol County,25005,02723,41.63835836315667,-71.12320931025388,178753.79,1169405.79,24297
64ca3a57-8bb8-5ea4-ed45-a07752571935,1964-06-20,,999-13-3055,S99923526,X22791452X,Mr.,Bert917,Ezequiel972,Morissette863,,,M,white,nonhispanic,M,Wilmington  Massachusetts  US,976 Gleichner Walk Suite 61,Fitchburg,Massachusetts,Worcester County,25027,01420,42.61109841547416,-71.83358332962963,271767.59,399424.17,32991
f2730b96-eb1a-c13c-f831-3b4d2ca32faa,1963-03-12,,999-27-2167,S99912445,X91088863X,Ms.,Nadine465,Thalia561,Anderson154,,,S,white,nonhispanic,F,Worcester  Massachusetts  US,797 Wilkinson Wall Unit 38,Athol,Massachusetts,Worcester County,25027,01331,42.54816611031589,-72.22114389746716,895241.51,36983.83,93290
90ad8dd5-db8d-5db0-e1fc-67899c256a93,1964-03-15,,999-27-4013,S99941081,X53702968X,Mr.,Delbert384,Francis500,Torp761,,,M,white,nonhispanic,M,Taunton  Massachusetts  US,891 Wolff Village Apt 63,Taunton,Massachusetts,Bristol County,25005,02767,41.85745649414452,-71.03914529495324,207541.95,181523.49,58231
9c9c1961-a105-f801-0a4f-ac80686fb5d9,1984-06-01,,999-92-2914,S99919099,X17946950X,Mr.,Hernán834,,Ocampo729,JD,,M,white,hispanic,M,Juarez  Chihuahua  MX,100 Abshire Mill Unit 28,Lynn,Massachusetts,Essex County,25009,01906,42.52270157025813,-70.98974407205073,85760.65,5110.56,892330
31f2f858-2cb3-4ad6-604d-f1b72b635b72,2000-03-27,,999-24-2651,S99962991,X04207618X,Ms.,Ora550,Phuong301,Runte676,,,,white,nonhispanic,F,South Hadley  Massachusetts  US,475 Wisoky Dam,Boston,Massachusetts,Suffolk County,25025,02121,42.39396561641997,-71.02288978283998,51910.22,474705.20,78613
29bf5029-7d05-f23d-5ce5-108b7ab63b80,1984-06-17,,999-91-4773,S99985988,X73928554X,Mr.,Hayden835,Stan246,Koch169,,,M,white,hispanic,M,Dennis  Massachusetts  US,681 Kessler Run Unit 7,Springfield,Massachusetts,Hampden County,25013,01119,42.14271862735839,-72.58174294235154,339943.14,305599.70,58918
0b1e8f1d-54c7-ad33-ecdc-ef2cf60235f8,1982-06-01,,999-11-5463,S99925616,X93194186X,Mr.,Domenic627,Miguel815,Koch169,,,M,black,nonhispanic,M,Peabody  Massachusetts  US,753 Johns Loaf Suite 76,Easton,Massachusetts,Bristol County,,00000,42.01626900603486,-71.14474290109312,41077.83,125862.23,621314
97a568e5-b7e0-4616-40aa-8fa9c8efea99,1991-06-24,,999-32-3539,S99944028,X47650260X,Mr.,Ken316,Casey401,Tillman293,,,M,white,nonhispanic,M,Barnstable  Massachusetts  US,449 Gusikowski Quay,Uxbridge,Massachusetts,Worcester County,,00000,42.082739164882504,-71.59830048010768,120287.75,9338.97,114662
c48a0173-701f-237d-2131-49ccc8dbb228,2023-07-28,,999-10-9801,,,,Dustin31,,Daugherty69,,,,other,nonhispanic,M,New Bedford  Massachusetts  US,204 Bode Haven,Lynn,Massachusetts,Essex County,25009,01904,42.476097091387935,-70.96362304526592,556.47,7246.36,7252
56a8ea20-fcd0-382d-31cc-850d4eab2a1d,1960-07-22,,999-79-4097,S99950176,X64178222X,Mrs.,Marylyn194,Charise827,Funk324,,Wilkinson796,D,white,nonhispanic,F,Greenfield  Massachusetts  US,240 Murazik Ramp Apt 35,Somerville,Massachusetts,Middlesex County,25017,02144,42.43075627184509,-71.15443165596332,586705.82,316367.91,84294
4774a5d4-6754-b2b8-ac6d-fcdb6a8701b0,1954-03-09,,999-54-3410,S99944906,X50587330X,Mr.,Trent525,,Kris249,,,M,asian,nonhispanic,M,Weymouth  Massachusetts  US,964 Moore Annex Apt 67,Somerville,Massachusetts,Middlesex County,25017,02155,42.4066964364775,-71.11342531454578,237505.44,699828.67,522021
04b59e46-f93a-1e2c-b80f-290c0df959f5,2022-12-25,,999-13-8547,,,,Nelly786,Laverne101,Borer986,,,,black,nonhispanic,F,Randolph  Massachusetts  US,428 Harris Bypass Suite 18,Framingham,Massachusetts,Middlesex County,25017,01702,42.31594180131201,-71.40597421129695,842.73,13285.30,14013
eaadb66a-20af-4ce0-339d-27a9ddde5641,2004-03-23,,999-89-6859,S99972316,X48334452X,Ms.,Karolyn830,,Lemke654,,,,white,nonhispanic,F,Northborough  Massachusetts  US,889 Von Parade Unit 68,Waltham,Massachusetts,Middlesex County,25017,02451,42.43968315989918,-71.21650970575281,96159.47,538760.38,594010
d2381784-4779-78fa-180b-89d057d73968,2003-05-25,,999-88-6329,S99918951,X42513709X,Ms.,Anne636,Gayla444,Konopelski743,,,,white,nonhispanic,F,Plymouth  Massachusetts  US,772 Effertz Parade Apt 97,Springfield,Massachusetts,Hampden County,25013,01128,42.09543674850552,-72.52925675272762,7284.34,507818.53,22631
1e186130-a03e-a962-bb0e-b5b44a8843a8,2012-11-20,,999-15-5095,,,,Olen518,Carmine137,West559,,,,white,nonhispanic,M,Everett  Massachusetts  US,693 Simonis Meadow,Pembroke,Massachusetts,Plymouth County,,00000,42.018765270157104,-70.81241365164779,27823.47,0.00,92786
25c620c3-a99f-e590-360a-5c0fc90e117c,1997-10-26,,999-74-9920,S99960485,X56590684X,Mrs.,Raguel228,Gwen761,Kessler503,,Emard19,M,white,nonhispanic,F,Devens  Massachusetts  US,553 Mertz Ramp,Oxford,Massachusetts,Worcester County,25027,01540,42.091891945226514,-71.9130898263444,147568.80,756115.81,82099
b19d29e4-84e9-6af8-b168-419d11d99fc3,1955-05-23,2018-10-30,999-92-8359,S99986529,X61669795X,Mr.,Stuart913,Willis868,Metz686,,,W,white,nonhispanic,M,Shirley  Massachusetts  US,490 Marquardt Station Unit 22,Lowell,Massachusetts,Middlesex County,25017,01852,42.66125999025332,-71.35154880250096,1075103.44,98606.43,117423
7ca37516-1e92-0e7b-d2ed-5065bbee138f,1964-03-21,,999-88-9233,S99990580,X71191879X,Ms.,Billie243,,Kohler843,,,S,white,nonhispanic,F,Milford  Massachusetts  US,668 Corkery Junction Unit 44,Revere,Massachusetts,Suffolk County,25025,02151,42.381042897888214,-70.9642275614919,312417.43,964577.35,167164
f58ea1fa-c9a5-6aaf-b0bf-6cac00a7fbc4,1986-11-28,,999-71-9897,S99912179,X02085161X,Mr.,Rick943,Patrick786,Welch179,,,M,white,nonhispanic,M,Natick  Massachusetts  US,1039 Mills Glen Apt 4,Dudley,Massachusetts,Worcester County,,00000,42.08555811479016,-71.97300466444399,117546.39,100007.19,31455
c6dd1659-11da-94a3-9ac8-e4e0d57d9da6,1965-08-22,,999-73-3252,S99998988,X12620071X,Mr.,Shannon293,Jarrod316,Bednar518,,,M,asian,nonhispanic,M,Haiphong  Kiến An  VN,260 Bogan Ranch Apt 58,Burlington,Massachusetts,Middlesex County,25017,01730,42.50063194324642,-71.22926016615432,100047.17,296818.03,94985
da178c48-4e5b-a972-634a-4048b489440a,1945-01-20,,999-25-3113,S99940060,X41444574X,Mrs.,Ilona639,Abigail677,Mayert710,,Koch169,D,white,nonhispanic,F,Andover  Massachusetts  US,720 Schroeder Manor,Hingham,Massachusetts,Plymouth County,25023,02043,42.263390452476465,-70.89931550020175,695449.64,1548041.40,37201
d9cf7231-e4e4-17bc-ad09-2a298b2c87ca,2020-01-04,,999-97-5809,,,,Helaine42,Lavona767,Herman763,,,,white,nonhispanic,F,East Douglas  Massachusetts  US,675 Oberbrunner Gate,Woburn,Massachusetts,Middlesex County,25017,01890,42.4784884233535,-71.19189558045393,10332.68,7696.07,27283
78bf97f0-7f3f-a6fe-af78-c2afcf396ff1,1961-12-25,,999-87-5149,S99964491,X80174263X,Mrs.,Harriette8,Greta919,Runolfsdottir785,,Rodriguez71,M,white,nonhispanic,F,Devens  Massachusetts  US,729 Nader Run Suite 58,Pocasset,Massachusetts,Barnstable County,25001,02559,41.67263511799784,-70.57325505977911,633979.52,197521.14,42830
841b3eda-72a6-a771-d5e6-4814f1283720,1974-06-14,,999-59-9983,S99928106,X62655861X,Mr.,Heath320,,Erdman779,,,M,white,nonhispanic,M,Boston  Massachusetts  US,837 Weber Gate Suite 54,Belchertown,Massachusetts,Hampshire County,25015,01007,42.24189468161336,-72.41971471101627,162490.41,91230.78,181430
e64bfbf6-e5a6-e8cc-64f9-56917d0c7a2a,1998-03-05,,999-95-1971,S99984219,X37705069X,Mr.,Randolph418,Hans694,Walker122,,,,white,nonhispanic,M,Bellingham  Massachusetts  US,912 Boyle Junction,Boston,Massachusetts,Suffolk County,25025,02128,42.30504665578908,-71.12186058806161,33317.34,66333.94,24362
79bcf94c-6986-a4db-bb41-d7a33bb0633d,1963-06-24,1976-07-09,999-56-9712,,,,Carmelo33,,Weissnat378,,,,black,nonhispanic,M,Brockton  Massachusetts  US,638 Wuckert Spur Apt 32,Boston,Massachusetts,Suffolk County,25025,02210,42.32678668470244,-70.98557746223939,3707.32,58206.82,8284
108e2af3-11e3-332e-d6cf-514cd83b57d9,1975-06-19,,999-33-8215,S99957895,X67769115X,Mr.,Kermit56,Denis399,Prosacco716,,,S,white,nonhispanic,M,Barnstable  Massachusetts  US,380 Thompson Lane Apt 5,Brockton,Massachusetts,Plymouth County,25023,02302,42.077442662605414,-70.93838390475898,112573.79,37954.78,66668
9de856a6-9f65-3704-8fb7-3224683fd661,2006-02-14,,999-39-8961,S99985225,,Ms.,Andra606,,Blick895,,,,black,nonhispanic,F,Holliston  Massachusetts  US,664 Mosciski Stravenue,Salem,Massachusetts,Essex County,25009,01970,42.515143608798645,-70.90260950323719,78298.03,51860.05,39743
9282f31e-c24a-76a9-ac23-d51773d1e643,2005-07-17,,999-79-3561,S99947747,X81660322X,Mr.,Wilton999,Ashley34,Goyette777,,,,white,nonhispanic,M,Lynn  Massachusetts  US,1090 Rempel Parade Unit 58,Holyoke,Massachusetts,Hampden County,25013,01040,42.18634885260666,-72.66777826421837,57202.26,0.00,112784
324561a2-bdcb-92fa-916a-12bfa3901c32,2001-06-08,,999-12-2666,S99952300,X44989943X,Mr.,Lenard338,Chad48,Gutmann970,,,,white,nonhispanic,M,Lawrence  Massachusetts  US,864 Osinski Ranch Apt 4,Springfield,Massachusetts,Hampden County,25013,01109,42.11279134146101,-72.63825698508833,72202.72,28412.00,41178
7de8f5fe-f75c-7636-f752-da9f946975e0,1995-07-07,,999-47-3835,S99957590,X66557609X,Mr.,Mitchell808,Jamie386,Mitchell808,,,M,white,nonhispanic,M,The Pinehills  Massachusetts  US,440 Terry Mall,Fall River,Massachusetts,Bristol County,25005,02790,41.65970482376546,-71.14239445521143,11881.91,105614.87,10023
6d2cc7bf-1b2c-eeaf-c00d-1deb5c5fc532,2008-05-08,,999-23-8578,S99974881,,,Luci727,Loyce848,Auer97,,,,white,nonhispanic,F,Lunenburg  Massachusetts  US,272 Reinger Brook Suite 98,Lowell,Massachusetts,Middlesex County,25017,01854,42.60884124615256,-71.29103189994096,3864.87,85918.13,23525
7199f338-6696-65eb-e903-09a8ecbd7982,1966-09-11,,999-96-1379,S99965067,X17712827X,Mrs.,Jacalyn740,Berniece493,Waters156,,Metz686,M,hawaiian,nonhispanic,F,New Bedford  Massachusetts  US,499 Miller Boulevard,Worcester,Massachusetts,Worcester County,25027,01603,42.229063058499165,-71.73347168767152,851389.52,323374.84,50714
48e1b7e1-e962-cf1a-0b6c-29bf9850c7d1,1980-07-07,,999-38-8022,S99982698,X99954934X,Mr.,Michael441,,Ritchie586,,,M,white,nonhispanic,M,Pepperell  Massachusetts  US,279 Mayert Street Apt 12,Weymouth,Massachusetts,Norfolk County,25021,02188,42.20357835529368,-70.9456130443388,10057.82,103631.40,9041
d701305e-c01e-3e76-9842-5f20573ef3dc,1979-03-02,,999-48-3735,S99992308,X62836800X,Mr.,Stephan15,Owen89,Smitham825,,,D,white,nonhispanic,M,Malden  Massachusetts  US,486 Ullrich Underpass,Quincy,Massachusetts,Norfolk County,25021,02186,42.339637446623996,-71.01585884782428,64456.63,704795.56,24526
ae88b50f-8b85-01b0-37d2-ec489abeffe3,2005-09-12,,999-74-2749,S99982023,X25565538X,Mr.,Aaron697,Terence292,Rodriguez71,,,,white,nonhispanic,M,Lawrence  Massachusetts  US,740 Wunsch Road Unit 2,Franklin,Massachusetts,Norfolk County,25021,02038,42.071792011987235,-71.39655821555242,80113.34,0.00,102422
f65df24d-2f51-dd78-cba0-9e90cd4d13b4,2002-12-03,,999-64-1296,S99933435,X71405814X,Ms.,Gaynelle249,,Baumbach677,,,,white,nonhispanic,F,Palmer  Massachusetts  US,1010 Mante Tunnel,New Bedford,Massachusetts,Bristol County,25005,02740,41.585666414056746,-70.9991917041615,50306.29,155291.92,193272
2b26dea9-fe49-f63f-46ad-cf4f81ed68ad,1963-06-24,,999-50-8211,S99954153,X98576555X,Mr.,Steve819,Wes853,Sanford861,,,D,black,nonhispanic,M,Springfield  Massachusetts  US,126 Simonis Branch,Boston,Massachusetts,Suffolk County,25017,02467,42.27087268409188,-71.06562040071022,11033.92,216916.96,8284
2d885128-0b5e-3bbd-f6a7-fe63f69ccad8,2017-04-18,,999-27-8411,,,,Brendon298,,Cole117,,,,asian,nonhispanic,M,Tokyo  Tokyo  JP,251 Rowe Street,Wayland,Massachusetts,Middlesex County,,00000,42.33807386279167,-71.36697480164673,20831.07,698.75,150849
0fdc1949-7749-aebb-e009-32f782d10c83,1966-02-12,,999-27-8078,S99992874,X96566009X,Mrs.,Angelyn934,Williemae619,Kuphal363,,Wunsch504,M,white,nonhispanic,F,Quincy  Massachusetts  US,1049 Schimmel Crossing,Quincy,Massachusetts,Norfolk County,25021,02170,42.28214537084358,-70.9717467684082,20683.30,1264943.58,10000
210d7083-67a5-b6fa-4409-fc2641d33b6d,2007-03-30,,999-68-7886,S99914318,,Mr.,Emanuel231,Stewart672,Skiles927,,,,other,nonhispanic,M,Khamis Mushayt  Asir  SA,1013 Windler Byway Unit 67,Boston,Massachusetts,Suffolk County,25025,02215,42.30678578416079,-71.05603096599795,3550.00,63715.31,20716
35d5353c-642f-a65e-a807-c51597702093,1957-03-18,,999-15-2223,S99974897,X85096851X,Mr.,Leslie90,Lazaro919,Hermann103,,,M,white,nonhispanic,M,Attleboro  Massachusetts  US,853 Braun Burg Apt 57,South Hadley,Massachusetts,Hampshire County,,00000,42.28214086711222,-72.59342096548521,199055.23,114488.81,64474
2e299763-5b95-7869-cfe7-2569977d576d,1990-05-09,,999-59-7751,S99929322,X83134709X,Mr.,Jewell855,Mark765,Lowe577,,,M,white,nonhispanic,M,Gardner  Massachusetts  US,800 Pfeffer Extension Apt 26,Pepperell,Massachusetts,Middlesex County,25017,01463,42.66093063686742,-71.62799073870053,77169.96,12081.92,149709
b43f2bb6-0c25-56a0-a07a-9f004a3646fc,1955-05-23,,999-56-6903,S99924620,X75932722X,Mr.,Ricky354,Roland928,Ryan260,,,M,white,nonhispanic,M,Worcester  Massachusetts  US,637 Gusikowski Street Suite 41,Lowell,Massachusetts,Middlesex County,25017,01850,42.590591480065946,-71.30234031342584,706895.77,302110.14,117423
0b4ff582-ed35-da72-d0d6-ffdb3460e618,1949-01-06,,999-34-7768,S99970810,X67256500X,Mrs.,Gerry91,Jodi410,Weissnat378,,Windler79,W,black,nonhispanic,F,Stoneham  Massachusetts  US,667 Nikolaus Arcade,Middleborough,Massachusetts,Plymouth County,,00000,41.88897676064872,-70.86028031146087,744999.90,208731.81,55756
4322048b-448f-6fc0-0545-e3d1e7dbeca4,2004-02-16,,999-72-3836,S99993975,X33791308X,Ms.,Jannette265,Tamatha836,Carter549,,,,asian,nonhispanic,F,Canton  Massachusetts  US,976 Thompson Divide Apt 66,Wakefield,Massachusetts,Middlesex County,25017,01880,42.52836977386307,-71.08789630237858,152013.44,778408.05,75302
d29f058b-7fe8-026c-4d93-9ba21c7e6d4b,1994-12-04,,999-99-4818,S99984846,X95213633X,Mrs.,Zulema784,Lina528,Schneider199,,Tremblay80,M,white,nonhispanic,F,Milton  Massachusetts  US,221 Spencer Fork,Weymouth,Massachusetts,Norfolk County,25021,02191,42.21107104323167,-70.95532078952675,12212.54,598018.32,19164
b91a32f0-4f55-7871-8195-6ffcac77f500,1976-03-09,,999-53-9350,S99973575,X83518449X,Mrs.,Na515,Karoline975,Kessler503,,Frami345,M,asian,nonhispanic,F,Wareham Center  Massachusetts  US,379 Brakus Fort,Framingham,Massachusetts,Middlesex County,25017,01701,42.29823077481809,-71.44778987315782,232324.63,45427.86,77890
c260990b-f4ce-2efd-a7b6-911dbdfd3d00,1997-10-08,,999-28-7253,S99923772,X24435216X,Mr.,Mack300,Nathan164,Hartmann983,,,S,white,nonhispanic,M,Wareham  Massachusetts  US,768 Yundt Viaduct,Brockton,Massachusetts,Plymouth County,25023,02351,42.07273343751121,-70.93267471884974,104816.65,5964.94,81299
5833bd73-cd7a-8af8-5390-ebf6f0c7da7e,2001-12-21,,999-41-5062,S99999542,X28666469X,Ms.,Tessa832,Fernanda589,Senger904,,,,white,nonhispanic,F,Lynn  Massachusetts  US,699 Bogisich Estate Suite 32,Belmont,Massachusetts,Middlesex County,25017,02138,42.4221698480327,-71.18339043275803,83926.50,358547.23,77949
10db60a0-92c5-fc62-ff8d-ec86a1297e34,1973-05-22,,999-95-8727,S99976083,X05666064X,Mrs.,Elfriede680,Kittie678,McGlynn426,,Huel628,M,white,nonhispanic,F,Medford  Massachusetts  US,947 Goyette Plaza Apt 21,Plympton,Massachusetts,Plymouth County,,00000,41.97826402723743,-70.7629846684199,715209.46,254038.56,54683
32316918-b50d-95f5-08e0-03750e52e735,1961-08-24,,999-54-2240,S99929805,X55226901X,Mrs.,Lissa828,Mistie167,Jast432,,Haley279,D,white,nonhispanic,F,Randolph  Massachusetts  US,389 Marquardt Frontage road Apt 17,Saugus,Massachusetts,Essex County,25009,01906,42.483011159456986,-71.02774042382902,842612.71,316142.35,71142
a380eabc-6d09-9002-1dcd-128433439950,2024-09-13,,999-54-5742,,,,Mayte822,Rosa195,Palacios784,,,,black,hispanic,F,Panama City  Panama  PA,631 Wehner Flat Suite 94,Boston,Massachusetts,Suffolk County,25025,02116,42.38668142243999,-71.04737294698947,5381.29,0.00,64920
734c4e16-453b-306a-8a23-692d1e7c15a0,1977-07-15,1992-05-15,999-76-5881,,,,Thaddeus38,Tracy345,Ernser583,,,,white,nonhispanic,M,Taunton  Massachusetts  US,808 Russel Vista,Springfield,Massachusetts,Hampden County,25013,01128,42.101184756910804,-72.51089867739151,3600.00,35452.37,22953
555ecc4c-5650-b446-6df1-7eee0e5b1a19,1951-02-21,,999-32-4059,S99966018,X50667972X,Mrs.,Jillian231,Anna632,Heidenreich818,,Upton904,M,white,nonhispanic,F,New Bedford  Massachusetts  US,489 Nitzsche Bypass Unit 77,Hinsdale,Massachusetts,Berkshire County,,00000,42.450477428819354,-73.09283944063324,1105959.80,145877.57,101404
00113d1a-5c67-99db-6648-d6d9cd449e2a,1958-06-05,,999-56-5966,S99934055,X45139426X,Mrs.,Tambra47,Janee223,Kunze215,,Rohan584,D,white,nonhispanic,F,Fitchburg  Massachusetts  US,677 DuBuque Parade Suite 72,Norwell,Massachusetts,Plymouth County,,00000,42.164680758070986,-70.86178008282577,255526.96,729747.17,140014
065a27ce-4953-91dd-b586-e4971163d547,2000-12-07,,999-46-1984,S99970051,X05601617X,Mr.,Claude750,Edison640,Tromp100,,,,white,nonhispanic,M,Chicopee  Massachusetts  US,895 Prosacco Fork,Townsend,Massachusetts,Middlesex County,25017,01469,42.628844295000754,-71.68879653251327,128547.40,19190.83,73486
84f70f02-6cc9-1763-0519-f80c7d974211,1983-12-06,,999-31-3067,S99980423,X24746372X,Ms.,Rivka589,Delinda651,Goldner995,PhD,,S,white,nonhispanic,F,Lyon  Auvergne-Rhone-Alpes  FR,177 Schowalter Vista Apt 95,Lakeville,Massachusetts,Plymouth County,,00000,41.8702884190044,-70.95663174540215,135009.05,138246.62,31491
48662922-1039-1999-86d7-e955e8f95e2f,1915-10-27,1974-02-03,999-29-6248,S99934175,X89755899X,Mr.,Homer307,Donnell534,Heller342,,,M,black,nonhispanic,M,Plymouth  Massachusetts  US,284 Emmerich Knoll,Boston,Massachusetts,Suffolk County,25025,02128,42.28445822098207,-71.11727289045967,55343.71,797181.45,23004
6f13e9a6-8ab0-f669-e5ba-eac5ffb1dd65,1996-09-12,,999-97-1700,S99936585,X61173932X,Mrs.,Fannie183,,Lowe577,,Cremin516,M,white,nonhispanic,F,Wellesley  Massachusetts  US,174 Block Approach Apt 1,Acushnet,Massachusetts,Bristol County,,00000,41.71700251265495,-70.85191560285384,61570.79,89781.74,823125
3426ab62-99da-8f7e-a0ef-f9eeeae784d4,1971-04-18,,999-32-8435,S99930421,X63178731X,Mr.,Tory770,Laverne101,Miller503,,,M,white,nonhispanic,M,Palmer  Massachusetts  US,249 Smitham Boulevard Apt 60,Chicopee,Massachusetts,Hampden County,25013,01022,42.19481980894185,-72.59568020414324,152641.35,96206.29,67421
6d5f235c-8b15-76d7-a46a-026ef05c1cee,1969-07-08,,999-47-2237,S99938690,X68909664X,Mr.,Cristobal567,Gustavo235,Pedraza69,,,D,other,hispanic,M,Mexico City  Mexico City  MX,281 Kemmer Mission,Brockton,Massachusetts,Plymouth County,25023,02351,42.09898236067028,-71.08012774959505,12762.82,460658.46,11526
bf521ffa-a47b-2b11-a6ed-4766e2096b05,1955-10-12,2025-08-02,999-14-7548,S99939788,X97148160X,Mrs.,Lane844,,Borer986,,Kerluke267,M,white,nonhispanic,F,Springfield  Massachusetts  US,704 Herman Branch Suite 9,Brockton,Massachusetts,Plymouth County,25023,02302,42.08350338108205,-70.9723858018186,294977.44,653170.64,155235
b3740562-2939-562a-ddb0-e943a6a5b08b,1974-06-18,,999-87-8071,S99929610,X82224701X,Mrs.,Hyon784,,Rohan584,,Schneider199,M,white,nonhispanic,F,Framingham  Massachusetts  US,486 Dicki Stravenue Suite 88,Boston,Massachusetts,Suffolk County,25025,02125,42.28664721979122,-71.02018028363896,271920.08,683373.74,174856
141a749c-6892-cf33-b2ea-4e63f26f9635,2013-02-01,,999-38-7839,,,,Sang383,Kimberly627,Frami345,,,,white,nonhispanic,F,Worcester  Massachusetts  US,507 Toy Mill,Clinton,Massachusetts,Worcester County,25027,01510,42.446826401536704,-71.65014939575407,44279.91,15797.28,145816
4b72468d-cf7a-6cea-dfd1-3d1a43a50dc9,1977-07-15,,999-89-9521,S99947674,X53091757X,Mr.,Palmer257,Anderson154,Altenwerth646,,,S,white,nonhispanic,M,Somerville  Massachusetts  US,329 Grady Stravenue Apt 75,Springfield,Massachusetts,Hampden County,25013,01118,42.13778982138623,-72.55664056592529,12514.68,152293.95,22953
9a9079bd-5223-6915-26a5-45136d74c46e,2025-10-23,,999-91-9352,,,,Daphine453,Arnita817,Moen819,,,,white,nonhispanic,F,Duxbury  Massachusetts  US,365 Corwin Knoll,Westwood,Massachusetts,Norfolk County,,00000,42.18521179046264,-71.25056930402793,1605.47,589.89,138265
d162cc47-bbf8-f000-fda3-274db05df4cb,1998-04-29,,999-28-4359,S99920041,X74542367X,Mr.,Amos720,,Cole117,,,,white,nonhispanic,M,Millis  Massachusetts  US,477 Eichmann Street,Taunton,Massachusetts,Bristol County,25005,02767,41.932614158699984,-71.12332712561151,92411.98,4224.65,863569
0183869e-21e2-87dd-ae7e-6ac5ffaae982,1979-12-22,,999-27-7856,S99967017,X33509944X,Mr.,Leif534,Jere230,Rohan584,,,M,asian,nonhispanic,M,Holliston  Massachusetts  US,256 Torp Wall,Boston,Massachusetts,Suffolk County,25025,02136,42.345937987030865,-71.002922132472,11649.87,152665.95,13813
e87a25d6-095f-78b9-20f8-94cd28d6e2b0,1978-04-27,,999-16-3896,S99936618,X68328779X,Mrs.,Etta748,Gina573,Ernser583,,Powlowski563,M,native,nonhispanic,F,Medford  Massachusetts  US,1002 Hand Grove,Lunenburg,Massachusetts,Worcester County,25027,01462,42.623619865475646,-71.6761788735772,449724.50,149373.70,41287
ca16cbbc-b8bc-a45f-0d85-52b99eeebff8,1933-02-25,1952-07-13,999-57-5332,S99992955,,Ms.,Vanesa40,,Fahey393,,,,hawaiian,nonhispanic,F,Chelmsford  Massachusetts  US,574 Larson Well Apt 62,Chelsea,Massachusetts,Suffolk County,25017,02149,42.43109238971274,-71.04888136898309,8678.07,104156.43,3271
633c6596-ba06-de52-920c-847ec4f23e32,1954-05-19,2024-04-11,999-77-3210,S99989124,X91868463X,Mrs.,Myra819,Violet769,Kautzer186,,Weber641,M,white,nonhispanic,F,Medford  Massachusetts  US,161 Hegmann Approach Unit 87,Boston,Massachusetts,Suffolk County,25025,02135,42.39318282052191,-71.04092370804172,19522.81,1029658.30,12556
e4ea1723-11c4-db07-9bfc-46fdb06281ac,2003-03-19,,999-63-7495,S99955906,X60001530X,Ms.,Saundra460,Tamera164,Kerluke267,,,,white,nonhispanic,F,Melrose  Massachusetts  US,712 Connelly Rest Suite 4,Quincy,Massachusetts,Norfolk County,25021,02171,42.20267371844071,-71.05559978465692,58203.20,58206.68,119779
916c8b93-1305-2fb0-1282-478adaf367fe,1992-07-18,,999-83-3456,S99942656,X24282171X,Ms.,Palma671,Syreeta495,Rice937,,,S,white,hispanic,F,Quincy  Massachusetts  US,768 O'Hara Gardens,West Springfield,Massachusetts,Hampden County,25013,01089,42.10733737471267,-72.63686883760907,9880.71,686797.35,12237
ca925a2b-a805-53f2-65b8-d64c2f10b2f7,2011-06-27,,999-60-6361,,,,Marcia467,Alejandra902,Zieme486,,,,white,nonhispanic,F,Abington  Massachusetts  US,179 Hahn Spur,Boston,Massachusetts,Suffolk County,25025,02127,42.31415433391394,-71.05966284016873,37444.42,194976.62,874024
c7ac3269-c2ad-7d40-a5aa-d816cf2e0a5e,1983-04-20,,999-76-4255,S99999905,X09528641X,Mrs.,Margeret29,Odessa199,O'Keefe54,,Borer986,M,white,nonhispanic,F,Leominster  Massachusetts  US,667 Stehr Hollow Suite 71,Westfield,Massachusetts,Hampden County,25013,01085,42.179260819584826,-72.71239954710171,303575.22,1083969.17,130795
beb9fa6d-b939-a86a-cd87-6f26322752a4,1997-01-21,,999-47-8419,S99920628,X02816313X,Mr.,Dustin31,Benito209,Kuhlman484,,,M,white,nonhispanic,M,Nizhny Novgorod  Nizhny Novgorod Oblast  RU,1048 Gutmann Park,Weymouth,Massachusetts,Norfolk County,25021,02189,42.22844738736925,-70.97491685579674,69817.63,0.00,52546
d16752f6-5b28-1948-6601-224904901bfd,1983-10-22,,999-74-6594,S99951443,X91152094X,Mrs.,Lacey714,Darlene91,Stark857,,Koelpin146,M,black,nonhispanic,F,Acushnet  Massachusetts  US,957 Hand Lane Suite 32,East Longmeadow,Massachusetts,Hampden County,,00000,42.01561670686761,-72.45694476018778,311672.40,1592643.62,51342
eaf99181-1ee6-261d-96ed-09da1bf3a0cc,1970-01-06,,999-32-1615,S99982318,X20595309X,Mrs.,Adina377,Skye332,Tromp100,,Douglas31,M,white,nonhispanic,F,Springfield  Massachusetts  US,546 Stoltenberg Well,Yarmouth,Massachusetts,Barnstable County,,00000,41.7187021314653,-70.24569411597439,710122.54,49097.42,78817
0ec80b45-4361-211c-38db-dd7d88b13cc9,2000-12-19,,999-53-5198,S99987350,X06743188X,Mr.,Brett333,Manuel446,Eichmann909,,,,white,nonhispanic,M,Cambridge  Massachusetts  US,120 Medhurst Trailer,Boston,Massachusetts,Suffolk County,25025,02199,42.38641721793837,-71.01970345920574,54922.57,676768.89,96243
77017416-8640-eb9c-18ed-9512d51b12dd,1988-01-22,,999-69-1284,S99951393,X04071587X,Mrs.,Debroah867,Elyse324,Farrell962,,Ferry570,M,white,nonhispanic,F,Southwick  Massachusetts  US,1077 Sawayn Divide Suite 91,Northfield,Massachusetts,Franklin County,25011,01360,42.714607901931686,-72.4555916425547,20202.25,906620.95,67590
f412ccd1-2280-f15e-82b8-b06f1177e894,1983-03-01,,999-81-7526,S99975587,X79978983X,Mr.,Colton403,Leif534,Koch169,,,M,white,nonhispanic,M,Lynn  Massachusetts  US,972 Stracke Underpass Unit 95,Needham,Massachusetts,Norfolk County,25021,02492,42.24034630932944,-71.2182380825541,118194.78,17009.85,89303
e7cb8232-f581-eeb0-e643-1ed8ea1db94d,1955-10-12,,999-55-9246,S99978451,X01568253X,Ms.,Millie392,,Lubowitz58,,,S,white,nonhispanic,F,Northwest Harwich  Massachusetts  US,581 Smitham Passage Apt 15,Brockton,Massachusetts,Plymouth County,25023,02301,42.08705408004846,-70.98532865796797,308551.81,561034.63,155235
1794ea6a-df0e-c126-8617-0a550c5ba681,1970-01-04,,999-38-7955,S99934096,X42849944X,Mr.,Leigh689,Toney527,Spinka232,,,M,white,nonhispanic,M,Lakeville  Massachusetts  US,716 Huels Bypass,Pepperell,Massachusetts,Middlesex County,25017,01463,42.638189690397816,-71.56291323479543,191099.00,613900.07,74883
64da00df-4030-f914-c19f-62578580260f,1933-02-25,,999-58-4803,S99975486,X99669033X,Ms.,Lilly908,Jami235,Dietrich576,,,S,hawaiian,nonhispanic,F,East Bridgewater  Massachusetts  US,1079 Gutmann Avenue,Chelsea,Massachusetts,Suffolk County,25025,02150,42.39634299216535,-71.0252987520284,37745.22,1668536.30,3271
d4296e73-7b97-95e6-ee25-7b348ff532cc,1915-10-27,1990-04-04,999-12-2090,S99949304,X89417656X,Mr.,Jarrett354,Seth414,Gutkowski940,,,M,black,nonhispanic,M,Fall River  Massachusetts  US,288 Runolfsdottir Heights Unit 78,Boston,Massachusetts,Suffolk County,25025,02152,42.29160083707969,-71.09134275483345,63362.87,857638.99,23004
8343e4d3-515e-7e63-cded-58e97d7e79ad,1915-10-27,1925-06-13,999-19-6247,,,,Dave764,Zackary401,Kling921,,,,black,nonhispanic,M,Melrose  Massachusetts  US,325 Rosenbaum Park Unit 81,Boston,Massachusetts,Suffolk County,25025,02136,42.340799963775886,-71.10906073207043,2726.06,57689.54,23004
2a022b4a-2fdc-5705-bd3c-ae12bfe9d319,1954-05-19,,999-55-8407,S99935629,X91543808X,Mrs.,Shavonda114,Travis723,Green467,,Beer512,M,white,nonhispanic,F,Dracut  Massachusetts  US,825 Keeling Center Unit 37,Boston,Massachusetts,Suffolk County,25025,02163,42.324017673357254,-71.09754732211718,45143.63,1825300.54,12556
0413ce44-5bb2-8162-fb76-7cc7a30c97f8,1915-10-27,,999-71-4771,S99949597,X69429513X,Mr.,Andre610,Hassan290,Medhurst46,,,M,black,nonhispanic,M,Springfield  Massachusetts  US,478 Sawayn Trail Apt 23,Boston,Massachusetts,Suffolk County,25025,02119,42.287251802222265,-71.06883736050497,108271.27,1868158.71,23004
