Id,ORGANIZATION,NAME,GENDER,SPECIALITY,ADDRESS,CITY,STATE,ZIP,LAT,LON,ENCOUNTERS,PROCEDURES
27a3bed7-1403-3fac-af4c-0cd712f7d17e,74ab949d-17ac-3309-83a0-13b4405c66aa,Ted955 Reilly981,M,GENERAL PRACTICE,881 Main Street,Fitchburg,MA,01420,42.586487,-71.80521,725,0
72ce51d5-134f-37b4-b3f7-a3af4b7e8b8a,588f6ce6-b8db-3588-8189-29db2680a313,Tiffaney302 Brakus656,F,GENERAL PRACTICE,461 WALNUT AVE,JAMAICA PLAIN,MA,021302331,42.311587599999996,-71.09800136347226,58,0
2aab2c0e-7d56-3224-b2ea-230948018c7f,324b4137-57a0-3ae0-89db-1c33f57ae0c1,Herma433 Satterfield305,F,GENERAL PRACTICE,134 NORTH ST,NORTH READING,MA,018641315,42.5892341,-71.10546522083789,1,0
3abe13de-aa35-3dc0-9abd-8c4f8b23d332,faffaf6a-ee1a-3673-b0b0-421a9c249244,Jaunita130 Armstrong51,F,GENERAL PRACTICE,66 WASHINGTON ST,STOUGHTON,MA,020722571,42.14415820061801,-71.10378319512402,17,0
ac27f97c-45fe-3d19-922e-6bcb1c8d8b5b,4112b8b1-59df-3255-a7ca-f42ee0a4cb2e,Ambrose149 Feeney44,M,GENERAL PRACTICE,37 ROUTE 6A,SANDWICH,MA,025631801,41.766329400000004,-70.5147600346998,1,0
a1536de2-d278-30c3-bdb5-769697b4fb88,e09d4c49-c2ef-3b0f-9a46-3719d9219306,Jules135 Emard19,M,GENERAL PRACTICE,60 HOSPITAL RD,LEOMINSTER,MA,014533290,42.54031915,-71.76312990486304,1168,0
52d4fbdf-944a-3f95-a098-5f12bb985f63,ef5390b4-cba5-3d83-96db-af783a7adb43,Evan94 Anderson154,F,GENERAL PRACTICE,360 MERRIMACK ST,MALDEN,MA,021482329,42.4250964,-71.066163,5,0
737240da-ca66-3106-9982-9a3dfb3db253,77645e49-3f69-3d1d-bb93-dc65210e2fac,Vella930 Ankunding277,F,GENERAL PRACTICE,363 HIGHLAND AVE,FALL RIVER,MA,027205246,41.7093779,-71.1460783680883,1792,0
6eddc136-c34c-3a40-8a5f-d10517d62bf2,aa682136-a4df-3942-9f50-e6fcee6c0b73,Bradley693 Runolfsson901,M,GENERAL PRACTICE,501 CORDWAINER DRIVE,NORWELL,MA,020611630,42.1647071,-70.88149077838713,18,0
a070d9ff-22d0-3648-9d25-0ad314d59388,d2284f74-b6da-3a15-9791-84cdf2db18fb,Fernande593 Mosciski958,F,GENERAL PRACTICE,331 E FALMOUTH HWY,E FALMOUTH,MA,025366039,41.57853245,-70.5617374807812,111,0
db12f9e4-b91b-3874-92f8-dbb6e995c628,5becf220-2978-3f33-bd38-9326947f85de,Thad495 Leannon79,M,GENERAL PRACTICE,240 LYNNFIELD STREET,PEABODY,MA,019605055,42.5141736,-70.97106354209534,9,0
20f2c0ae-ef18-3b1e-ba63-9466ca8e4243,ae88fd02-4911-3625-9e97-85b626ed3b0b,Cherrie404 Farrell962,F,GENERAL PRACTICE,476 VARNUM AVE,LOWELL,MA,018542122,42.6443795,-71.34721987550876,3,0
76e5e702-126e-3c19-a0bd-ba1043a00ff1,a58ec72a-cf43-3de5-88c1-de2fbec976a5,Blossom971 Bartoletti50,F,GENERAL PRACTICE,255 CENTRAL AVE,CHELSEA,MA,021503508,42.38804035,-71.02650270378646,3,0
30857619-e251-3968-82b8-e82f273a63b6,03d0392a-7361-32b3-81c9-8c8ac985be00,Sid118 Daniel959,M,GENERAL PRACTICE,280 WASHINGTON ST STE 204,BROOKLINE,MA,024451922,42.33302785,-71.1193506756953,70,0
361c7bdc-1883-3d2f-b36f-cb28e1f75c3e,2936ca90-6594-357d-be14-53fe0ab84dd1,Miguel815 Perales854,M,GENERAL PRACTICE,11 TREMONT ST,KINGSTON,MA,023641231,42.00823215,-70.72984043580247,93,0
9580b117-3557-3cfb-be97-2c9cf3405d44,42d4b607-f14d-370a-818e-40965685776c,Arlen68 Hettinger594,M,GENERAL PRACTICE,3 WASHINGTON ST STE 220,NORTH EASTON,MA,023561034,42.0667665,-71.1036592,134,0
133efba1-69fa-3c4a-ad67-c990a2f23f9e,ab701a70-a658-340e-8f69-ee196a7d40c6,Bud153 Parisian75,M,GENERAL PRACTICE,484 RTE 134,WORCESTER,MA,016071728,42.2625621,-71.8018877,88,0
38bcc6a9-25a6-337a-a2e1-1f9e54f32f50,41e77ca4-b0d7-3c1d-ac88-4ae5a705913d,Wanita14 Pfeffer420,F,GENERAL PRACTICE,20 CLAFLIN STREET,MILFORD,MA,017573356,42.137601149999995,-71.51680334935877,3,0
e3be6a65-0a33-3982-a264-225ebba9e05a,11ba6a26-59b4-3728-a268-6dc9929962b4,Angelic427 McCullough561,F,GENERAL PRACTICE,200 GOVERNORS AVENUE,MEDFORD,MA,021551644,42.42711615,-71.1121606632448,82,0
8f504188-01cf-3f0c-84b2-dedaedc96d37,af2d050e-91a7-3acb-8b27-0bf6a259645e,Cecila397 Bernhard322,F,GENERAL PRACTICE,57 CITY HALL AVE,GARDNER,MA,014402614,42.5760669,-71.9934081,62,0
a3da8c66-16cc-31d5-8787-fe4452c8df18,71472d9b-aa5c-3b49-a5c3-d0eee8859015,Tyree261 Kutch271,M,GENERAL PRACTICE,118 WATERHOUSE RD STE C,BOURNE,MA,025328305,41.7281115,-70.5861571324252,53,0
8f579170-30e4-3d88-9ce7-94df5e112698,8a2e2731-3240-39d1-b4f0-cad14200937d,Randa356 Ritchie586,F,GENERAL PRACTICE,88 WASHINGTON ST,TAUNTON,MA,027802465,41.9062805,-71.09518121351795,126,0
38222b0f-09f6-3461-bdae-5ebb56689c68,bee866be-d41f-3259-97b2-0e10331c6c16,Emory494 Sawayn19,M,GENERAL PRACTICE,589 HIGHLAND AVE,NEEDHAM,MA,024942205,42.300873100000004,-71.22988027903574,1,0
c49db367-3dbd-3995-baec-3c17651b31bc,88e28a1c-aad9-36d0-832b-b579ecb95c3d,Isabel214 Saavedra625,F,GENERAL PRACTICE,14 MANNING AVENUE,LEOMINSTER,MA,014535768,42.5253035,-71.7584413,147,0
7944930e-46f7-33d1-ac28-ba9659a829ec,52ecddd8-42f6-35cc-88a5-cf474c02fb49,Maxima831 Fahey393,F,GENERAL PRACTICE,94 OBERY STREET,PLYMOUTH,MA,023602130,41.93725,-70.65503160208334,12,0
c6113087-bb66-3883-9229-a31d8ce480eb,65450d34-6d61-3601-b325-9d471587b016,Leopoldo762 Moore224,M,GENERAL PRACTICE,4 COURTHOUSE LN,CHELMSFORD,MA,018241731,42.62439345,-71.35881000636567,29,0
8a2c6781-f49d-34af-bc29-1dc757f4cdc4,05bcaa3e-aa5d-3b03-ba26-7e4d2e083681,Kurt412 Howe413,M,GENERAL PRACTICE,1 LOVE LN,SOUTH DENNIS,MA,026603445,41.699084799999994,-70.13271830347861,1,0
83469ba0-6232-3deb-8163-e7775a597b6d,0c8cc36b-3025-37ad-b7ab-50ea3aeea5a8,Jenniffer979 Terry864,F,GENERAL PRACTICE,143 LONGWATER DRIVE,WEYMOUTH,MA,021902432,42.2212188,-70.9391625,31,0
75969933-619e-3eeb-affd-6e4f77010671,2b376b69-72ac-3d68-aceb-018e82b8fc8f,Shaquita282 Klocko335,F,GENERAL PRACTICE,113 CENTRAL AVE,HYDE PARK,MA,021363021,42.26077065,-71.1187885119897,1,0
4dd33f9a-439f-3bdf-b392-ce27be3015ab,fa564970-fde4-332c-91d9-c0747b032d3e,Jennefer743 Hudson301,F,GENERAL PRACTICE,34 SOUTH LINCOLN STREET,NATICK,MA,017606049,42.2731232,-71.3105334275248,4,0
00e7a7f7-25ad-3c71-bb5b-83a54439a47c,1311c44a-85cb-3aea-a143-e5d7892ced8b,Rudolf736 Reinger292,M,GENERAL PRACTICE,300 KENSINGTON AVE,SPRINGFIELD,MA,011071139,42.091896,-72.559437,26,0
4974c711-7319-3f6c-8859-69b0d3cac778,817a1428-2045-3e89-9fa2-ef7d287d6fa5,Dana512 Schuster709,M,GENERAL PRACTICE,70-71 N PARISH RD,LAWRENCE,MA,01843,42.690315,-71.150015,22,0
46cc5e78-9a09-3999-89c7-6b907dd85223,b4359169-6bc8-3e93-9e0c-19c6bf518e58,Kurt412 Auer97,M,GENERAL PRACTICE,126 MONUMENT ST,HAVERHILL,MA,018322527,42.78715445,-71.10946686154523,1,0
55b09f1d-115f-39d7-8124-7d6ba1fc62ab,667b46fe-0afa-3f70-a311-bbe3d52db050,Mickey576 Borer986,F,GENERAL PRACTICE,757 BOSTON POST RD,WORCESTER,MA,016071728,42.231371,-72.165386,10,0
b616948b-bc87-3569-915d-e1d40a9532a7,0ff7cb48-0c93-31cf-9442-0b034084d588,Erlene813 Kreiger457,F,GENERAL PRACTICE,2 BEAUMONT AVE,BROCKTON,MA,023023302,42.0835203,-70.98856021035954,2,0
d85d3cfc-10b0-3c89-ab95-e7c7b9a71459,a4af40b8-0ddb-34bb-ae4a-95a17e9ad6f3,Tambra47 Heaney114,F,GENERAL PRACTICE,100 MYLES STANDISH BOULEVARD  SUITE 103,TAUNTON,MA,027807340,41.948930849999996,-71.14141318475193,4,0
70ef863d-c148-3ce0-bad5-424a230fa9a1,f945589f-88aa-366b-9e9d-2418d091112d,Ulysses632 Ziemann98,M,GENERAL PRACTICE,105 ERDMAN WAY,LEOMINSTER,MA,014531805,42.54685255,-71.75737313871981,101,0
7f1956cc-099c-3ec7-996e-f20d88a47cdf,bdc3ee76-9cf3-316d-b202-a8da1ea3fa20,Harland508 Rippin620,M,GENERAL PRACTICE,130 RUMFORD AVENUE  SUITE 211,AUBURNDALE,MA,024661370,42.35853505,-71.24125521214887,2,0
6d818ee3-9b1f-3f4b-aab4-38116bb950c2,8447e2c7-df8d-3e1f-9d88-b67dcca2bcb6,Shirley182 Baumbach677,F,GENERAL PRACTICE,22 HILLSIDE AVE,GROTON,MA,014501284,42.61232115,-71.5798529093222,4,0
90a4283b-1828-3f2c-b4ac-ba6143928865,643eac8e-1620-3b6a-b9f3-664b003d22cd,Lasonya941 Kiehn525,F,GENERAL PRACTICE,34 GIFFORD ST,NEW BEDFORD,MA,027442610,41.6177929,-70.91890087055067,85,0
83a23f07-ed66-323e-9ea8-6c1471f3d05a,5fcff9db-16e4-3e56-aa78-abbc16338097,Margene509 Schamberger479,F,GENERAL PRACTICE,295 VARNUM AVE,WESTFORD,MA,018863513,42.5792583,-71.4378411,269,0
3e83e882-cd86-3236-9573-034b86d7e63f,fa09396a-2926-3b21-ad0c-9f6cabbce0eb,Brigitte394 Bartoletti50,F,GENERAL PRACTICE,1210 BOSTON PROVIDENCE TPKE,NORWOOD,MA,020625061,42.1714075,-71.1951186,48,0
9721a56a-ed7e-3fce-a810-cdbbfd964c27,40c01d75-1542-3e0b-8e5f-78d3031beba1,Broderick767 Reynolds644,M,GENERAL PRACTICE,505 PARADISE RD,SALEM,MA,019704267,42.485927,-70.900301,107,0
fe0fb55e-883c-3f99-9fcb-a2012597e591,8fed5af6-8e61-33f5-9835-e5d3ac5fdd4a,Thersa321 Farrell962,F,GENERAL PRACTICE,11 SAINT ANTHONY ST,CHICOPEE,MA,010132141,42.1813162,-72.61495050899758,1,0
50c57394-fb96-355d-8b81-59a3097855d9,84abfbd5-41c1-3df4-9b31-7ca93cb2309a,Jaime666 Ortiz186,M,GENERAL PRACTICE,85 HERRICK ST,BEVERLY,MA,019151790,42.56415055,-70.8751357650672,26,0
66a5c336-72c6-3c2a-aa85-01bd175a620e,fa61a21b-27de-3ba7-bc4a-0d7145bf72a6,Tamesha39 Rodriguez71,F,GENERAL PRACTICE,100 CUMMINGS CTR,BEVERLY,MA,019156126,42.559237100000004,-70.88594445364896,10,0
335a3909-2aa1-3cc7-920f-854f3eb1885e,1ddd51d1-7297-3c3b-bad5-98aecd5e4a79,Dinah304 Kub800,F,GENERAL PRACTICE,127 CAMBRIDGE STREET  SUTIE #2B,BURLINGTON,MA,018033735,42.50188325,-71.19559351572005,38,0
c77f4112-cea7-3892-b5bd-191d5ca7890d,93c3d861-e05d-33b9-91eb-1768470229d7,Phoebe31 Thiel172,F,GENERAL PRACTICE,10 CENTENNIAL DR,PEABODY,MA,019607938,42.5261827,-70.9529896,82,0
d8f997b8-b97b-3ccc-9006-4db8de8b9765,2e1eaaf1-ebb0-332c-8921-f48e15b91879,Delmer311 Nolan344,M,GENERAL PRACTICE,2 SEAPORT DRIVE,QUINCY,MA,021711599,42.29287335,-71.03019020136307,66,0
d07827b2-0630-398a-ae4a-67121eac834e,c272e12f-e154-3fee-b05d-b7c0cab2657d,Shasta644 King743,F,GENERAL PRACTICE,800 WASHINGTON ST,NORWOOD,MA,020623487,42.1886973,-71.2005241,405,0
071fee33-8067-30f2-bfc6-386c95e54d6b,8d0f0e66-b1dc-37fd-8b4e-0dcb6b3b446e,Les282 Pollich983,M,GENERAL PRACTICE,200 Springs Rd.,Bedford,MA,01730,42.503376,-71.272644,99,0
db9ddc41-e666-3f3c-9fd7-acba0783d87b,b66db758-a205-3227-9cfb-bf19d2c1962d,Jamal145 Stroman228,M,GENERAL PRACTICE,121 HARVARD AVENUE  2ND FL,ALLSTON,MA,021342702,42.35241825,-71.13220132573996,9,0
331b087a-6844-3ef4-9dec-0fcb9cc7602d,f6a306cf-7bd6-35f4-a6b7-2d07d273914c,Ariel183 Von197,M,GENERAL PRACTICE,63 FOUNTAIN ST STE 402,FRAMINGHAM,MA,017026280,42.27595495,-71.42631150114194,66,0
b191ee7f-5c0d-397b-806f-5abffc0f5304,e49b692f-cccc-3cd5-93df-6db63dfc3e4a,Rolland302 Lemke654,M,GENERAL PRACTICE,1250 HANCOCK ST STE 104N,QUINCY,MA,02169,42.2517569,-71.0033967,50,0
20d2ac8c-2b8f-3031-afb0-69c76c36a749,f549a720-814b-3dc6-ae77-6376a22564ee,Perry780 Prosacco716,M,GENERAL PRACTICE,209 COUNTY RD,NORTH FALMOUTH,MA,02556,41.6459404,-70.6183639,5,0
44e5a257-8b73-3830-adc4-10b35a886533,32fcdfba-8c93-30f4-b15b-dd3b65c29deb,Sparkle906 Bernhard322,F,GENERAL PRACTICE,20 NORTH MAPLE STREET,HADLEY,MA,010359715,42.3615107,-72.55261320852942,8,0
da95a63b-ce3f-30ee-855d-60004e40cd59,0ddb0329-b59d-3187-874c-602c649249c8,Eldon28 Cassin499,M,GENERAL PRACTICE,115 W SILVER ST,WESTFIELD,MA,010853678,42.1178811,-72.75935246865802,61,0
35d9d096-2be0-3ea7-bf8e-ede6a69d4912,02c936e2-3aee-38b2-88a4-81f3689b7bb7,Royce974 Kohler843,F,GENERAL PRACTICE,120 FISHER AVENUE,BOSTON,MA,021203320,42.3276141,-71.1051603,25,0
59c66b70-d59d-3301-92ea-be4e29c58719,609ec9f1-e806-3427-b912-9e3b2915521d,Terence292 Conn188,M,GENERAL PRACTICE,575 BEECH STREET,HOLYOKE,MA,010406604,42.20105435,-72.628169560868,17,0
8d42044c-6553-303d-ad76-287e3f5955f5,5fa5e611-be3d-3ebb-8f71-124325f6005f,Isiah14 Nikolaus26,M,GENERAL PRACTICE,480 ROUTE 6A,EAST SANDWICH,MA,025371438,41.742172,-70.45251,66,0
f46fc26f-00e8-3848-8e15-5503cc57bcd1,bff65303-97b4-3841-950a-1c9e9e735de0,Omar359 Schimmel440,M,GENERAL PRACTICE,100 AMITY ST,FALL RIVER,MA,027212202,41.6737661,-71.16934217317342,1,0
bd7ed7b9-2396-32a9-8b47-cc0fd363035e,bf556284-7513-3620-a10e-5393183a9a87,Jesus702 Roob72,M,GENERAL PRACTICE,795 MIDDLE ST,FALL RIVER,MA,027211733,41.6924092,-71.16345107025307,1087,0
c88466a2-9c47-3847-bd76-c497f3d67848,9fd71acd-3535-353d-975f-ed7dbf5f9961,Yvette315 Herzog843,F,GENERAL PRACTICE,250 GREEN ST,GARDNER,MA,01440,42.586896550000006,-71.98672640006858,28,0
9ed774ec-fcbd-3a62-8a1e-fd011cec16fb,2b84e56e-08b4-3078-b3ea-4d159208e065,Barton704 Bahringer146,M,GENERAL PRACTICE,1029 PLEASANT ST,BRIDGEWATER,MA,023242301,41.9718173,-71.00937893001648,34,0
81912a17-d904-3a43-8bc9-dd1da6a69489,05137a62-1a8f-34ff-8baf-a0c35c238ea0,Houston994 Olson653,M,GENERAL PRACTICE,750  ATTUCKS LANE,HYANNIS,MA,026011950,41.676027500000004,-70.29727035,11,0
eba2cff1-ab87-3c78-802d-81bcebd1b58e,4ffa4412-1493-3beb-b8f0-6614dde953a4,Harland508 Ryan260,M,GENERAL PRACTICE,363 HIGHLAND AVENUE,WAREHAM,MA,025715011,41.745636,-70.658192,806,0
5ac33b9f-c205-343f-8bee-d7f53cf358de,ede4a423-6258-3ef5-b5ba-0fa6bb579563,Pablo44 Paucek755,M,GENERAL PRACTICE,326 NICHOLS ROAD,FITCHBURG,MA,014205478,42.5974358,-71.80761197366103,20,0
fb9d07af-38d5-3975-9a63-90c5ec0642f1,a14e698d-a9ba-3eae-9c8b-682ec726433d,Karla801 Cummerata161,F,GENERAL PRACTICE,776 WESTERN AVE,LYNN,MA,019052408,42.466763,-70.9494939,109,0
d24aa9d7-e671-306e-8bbf-17b65d05388b,69eae27b-7445-3652-bd34-b535abe0b011,Hong136 Schneider199,F,GENERAL PRACTICE,9 BICKNELL ST,QUINCY,MA,021696003,42.252227399999995,-70.96584679278924,107,0
549b716b-c3fe-39c4-87f1-0b163cb42a31,dd9914b0-9491-3330-a890-d34e95e497ea,Taylor21 Haley279,M,GENERAL PRACTICE,1061 PLEASANT ST,NEW BEDFORD,MA,027406728,41.64280275,-70.92865004309593,208,0
a61e79fa-4419-3a91-9328-a1bc71147de4,c3a898a1-c269-39b4-80d7-accb96a03bbc,Brock407 Friesen796,M,GENERAL PRACTICE,32 CHESTNUT ST,EAST LONGMEADOW,MA,010282803,42.0532618,-72.50214900582449,1,0
d0a9bd3e-5564-3d25-a1ce-864df473e4a6,d4b9a3f0-210d-3e46-a2c7-e099658ac543,Mariana775 Delarosa409,F,GENERAL PRACTICE,7000 GREAT MEADOW ROAD,DEDHAM,MA,020264090,42.266408549999994,-71.19518435636284,4,0
580c7192-226a-3e78-be14-a4164405d4c0,a247ed53-5f17-3eb5-87be-1d2257fa1579,Jamal145 Weissnat378,M,GENERAL PRACTICE,44 KEYSTONE DR,LEOMINSTER,MA,014531904,42.55144955,-71.74402465363428,2,0
04554b7b-b4d3-372c-97d2-06f5fbec493d,4c1a8ea6-b690-3c28-a02e-ebd82190ee65,Marcos263 Cronin387,M,GENERAL PRACTICE,885 WASHINGTON ST,BOSTON,MA,021111415,42.3479909,-71.064924,11,0
f6beb450-1422-3f03-8c8b-573ebcf7e3c5,5ba6765a-f335-36b0-9c6a-6bb494c5330d,Sasha806 Schamberger479,F,GENERAL PRACTICE,31 OLD ROUTE 7,WESTWOOD,MA,020902333,42.2139873,-71.2244987,18,0
8da0ef45-232b-37d6-b5de-db8c2a60f8ac,b6eeaaf7-1683-3bcb-b6ee-81ce304636ef,Ariane992 Pagac496,F,GENERAL PRACTICE,170 GOVERNORS AVE,MELROSE,MA,021763225,42.4564323,-71.064182,938,0
021cb9ab-faab-3f28-95be-c6ad66a93f08,1c42af32-f17e-32ec-b007-4ff8e2de493e,Sherman440 Wunsch504,M,GENERAL PRACTICE,235 NORTH PEARL STREET,STOUGHTON,MA,020723396,42.1004556,-71.0668392,3,0
4993556a-4aeb-31f5-b9e4-704fcda03dda,65eda534-1bdc-3192-8d02-1c3764447790,Alonso270 Hand679,M,GENERAL PRACTICE,1244 BOYLSTON ST,CHESTNUT HILL,MA,024672115,42.3214927,-71.1711481,37,0
aa28feea-1162-33d8-b81f-aa9b670391e0,14932db8-e179-331d-98ad-dc1c352cb6d3,Lora418 Barrows492,F,GENERAL PRACTICE,743 MAIN ST,MELROSE,MA,021762707,42.460108950000006,-71.06216841036309,5,0
42cb7850-e0ff-3917-9b0a-4d92cf9da7b6,d613e441-68e8-3502-8adb-3f770a1276bf,Emmaline88 Witting912,F,GENERAL PRACTICE,114 WATER ST,MILFORD,MA,017573007,42.13661855,-71.53474614336832,75,0
900e17c3-dab0-343f-94e2-cfb3c430dba7,de29a374-221b-3cb4-8051-a02c1a35e5b7,Gwyneth692 Marvin195,F,GENERAL PRACTICE,562 WASHINGTON ST,SOUTH ATTLEBORO,MA,027036942,41.912892049999996,-71.36135809627689,106,0
43231c1d-684b-3270-9210-79ef43c8f59c,b0b89e26-30e3-35d4-af87-29fb529579cf,Tran115 Jakubowski832,F,GENERAL PRACTICE,391 HANOVER ST,FALL RIVER,MA,027205432,41.71019285,-71.14377103194548,6,0
7b72f184-7a70-35e5-9f86-fcb1c2935a3d,b03b624d-c939-3688-986d-9555b8009a3b,Trinity427 Hartmann983,F,GENERAL PRACTICE,230 MAPLE ST,HOLYOKE,MA,010405144,42.207406,-72.608419,80,0
807e6fed-6824-3d5d-96ba-53efd37557c9,ea153d0a-9ccc-3769-9a25-934b417071b7,Adam631 Towne435,M,GENERAL PRACTICE,463 WORCESTER RD,FRAMINGHAM,MA,017015354,42.3095704,-71.4413097,42,0
9767fec2-fd84-33d7-b1e8-bc3161ecf2eb,d3085315-9893-34c7-8889-3a31dc17c2b0,Zachery872 Rau926,M,GENERAL PRACTICE,1428 MAIN ST STE 7,WALPOLE,MA,020811729,42.1325911,-71.2618886,283,0
32b713d8-996f-30f9-b692-fd2f49fc5ca6,ace1ac31-036a-38fd-b451-b3b87157c717,Raphael767 Thompson596,M,GENERAL PRACTICE,170 MORTON ST,BOSTON,MA,021303735,42.299067750000006,-71.10124351911541,18,0
4429c7a5-cb29-31e9-8243-e93e5d68096e,eed72b73-31ec-3f0a-9ec4-cee4ea7da02a,Sylvester827 Stoltenberg489,M,GENERAL PRACTICE,154 WATER ST,DANVERS,MA,019234103,42.54484315,-70.91821226389943,1,0
121688c7-8743-36a4-9465-b7b826e9d41d,469171e3-f6ec-3258-8e16-7038f6a439c0,Rodger755 Brakus656,M,GENERAL PRACTICE,COUNTRYSIDE DRIVE,MILFORD,MA,017571252,42.1413353,-71.5192019,18,0
fa14472b-aafb-346d-a2a6-368588f4f59f,18061fd5-fda8-3e2d-87f0-0f3c87211bcc,Omer483 Koepp521,M,GENERAL PRACTICE,1493 CAMBRIDGE ST,SOMERVILLE,MA,021431408,42.3875968,-71.0994968,1007,0
da8d73d7-f66e-33b5-8069-3465b2bd2a7e,1faab3d1-2ae5-3110-8e5f-c65b92ca906d,Terri848 Ankunding277,F,GENERAL PRACTICE,29 LEWIS AVE,GREAT BARRINGTON,MA,012301713,42.19093125,-73.3715000043024,65,0
233edc5e-fb0f-3d78-9c01-dc2fd1bc59ac,c64c848c-0315-3115-87fa-80c360bb6a73,Sondra191 Zieme486,F,GENERAL PRACTICE,142 BERKELEY ST,BOSTON,MA,021164608,42.3489076,-71.0721378,30,0
d1d618a6-f4cf-3c1d-8dc2-a1130ac7f632,7e97f720-f99d-3402-98a4-a144aaa5bd01,Karl184 Hansen121,F,GENERAL PRACTICE,210 JONES RD,FALMOUTH,MA,025402974,41.5614958,-70.6117407224321,98,0
c519ef03-bf23-36ed-8e0e-e60ccb9207c2,b3ada130-6443-3a8e-98c7-4ec127a2b0c4,Natalya468 Haley279,F,GENERAL PRACTICE,ONE GREAT ROAD,ACTON,MA,017205601,42.4850931,-71.43284,7,0
a1263cb8-a9c1-35df-b8d0-1741153994d3,d17688c1-9cc8-3e68-980f-82fe1ed685fe,Adam631 Robel940,M,GENERAL PRACTICE,100 TEATICKET HWY,TEATICKET,MA,025365678,41.56361395,-70.59806084770075,59,0
bfbed963-ebaf-3cb1-8ef7-3bf8d0d1f26c,7489f6e0-fee6-3fff-90b6-444868eb907c,Carolina179 de Jesús414,F,GENERAL PRACTICE,1 KIDDIE DRIVE  SUITE 106,AVON,MA,023221182,42.130150349999994,-71.05720685110387,35,0
91facce9-0b23-3b5a-b476-b428bded4730,06f1d816-dd54-3409-bd94-8dc2745f807c,Erin498 Hand679,M,GENERAL PRACTICE,12 KENT WAY  SUITE 210,BYFIELD,MA,019221221,42.75468625,-70.9451078257969,3,0
d147c796-d51d-3288-b222-4fc570420ac3,acffdfa8-1383-3929-8c99-e73969491439,Warren653 O'Keefe54,M,GENERAL PRACTICE,1153 CENTRE ST,BOSTON,MA,021303446,42.3017598,-71.12855793387442,2,0
5277d0a8-c615-3a2d-8b0b-b0505ad7f9b9,ca2937a1-8877-31a2-9d38-561bd300b3e3,Garth972 Mueller846,M,GENERAL PRACTICE,780 ALBANY STREET,BOSTON,MA,021182755,42.333645250000004,-71.07279114401811,79,0
ec42ea0a-e7a4-3213-a070-165ca0c5257b,545dcda5-7471-374e-9251-b4b685197d3c,Teodoro374 Koss676,M,GENERAL PRACTICE,175 CONNORS STREET,GARDNER,MA,014402637,42.5730593,-71.99713285,33,0
cf7fc132-1e70-3327-949a-efc45052344b,43e33b67-64ac-3314-99ee-114fb2b56b80,Fidel864 Cummerata161,M,GENERAL PRACTICE,200 HILLSIDE CIRCLE  SUITE 2,WEST SPRINGFIELD,MA,010894681,42.105237,-72.6213712,10,0
725c82f9-a066-3332-a9b3-cadcdad9d0c4,1e11392b-1278-3e70-93cd-f396cbd0c265,Gino587 Block661,M,GENERAL PRACTICE,115 LINCOLN ST,NATICK,MA,017607700,42.2843753,-71.3441395,161,0
c1e332a0-4ae4-3050-a057-18eadc0e3fcf,fe30f2b4-9bc8-346e-afba-4455d1766545,Georgetta870 Turner526,F,GENERAL PRACTICE,17 LAFAYETTE AVENUE,CHELSEA,MA,021502010,42.40019115,-71.03050082480353,63,0
37117e80-38e4-3ad0-bb8e-1cd05c009a25,6cf8a214-8d57-3267-85e5-7719e15cd63e,Cindie288 Zulauf375,F,GENERAL PRACTICE,170 MORTON STREET,JAMAICA PLAIN,MA,021303735,42.299067750000006,-71.10124351911541,836,0
82fbe75b-ce71-36ce-be42-4b444e2bc99d,13161e5b-02d2-3d19-8b48-26ef0becfc83,Erasmo545 Crooks415,M,GENERAL PRACTICE,165 CAPTAIN'S ROW,CHELSEA,MA,021504019,42.3917638,-71.0328284,11,0
88ee7fd7-d52f-378a-b699-a73456dbfb7f,4bc0cc09-77e5-37f5-844d-64a6637cae54,Hugo693 Ávila241,M,GENERAL PRACTICE,91 EAST MOUNTAIN ROAD,WESTFIELD,MA,010851801,42.110743549999995,-72.70066160206358,716,0
6a79c5fa-f641-3e6b-b945-d434fb1e9109,0fedae9f-701f-3317-9b2f-69aea2202cdc,Sharron285 Batz141,F,GENERAL PRACTICE,88 EAST NEWTON STREET,WINTHROP,MA,021522715,42.3750976,-70.982827,1832,0
46eb0f91-297b-3fe3-a67a-f7e9a080d5dd,9043e647-568d-3e87-9fc0-756a416392d3,José Luis472 Negrón227,M,GENERAL PRACTICE,27 CENTENNIAL DR,PEABODY,MA,01960,42.52388415,-70.9519832,19,0
d5190f84-68dc-3249-9ec3-a3c6dfd69f92,0cc04ba5-137a-3ef8-acda-e79b25960b2a,Fallon874 Homenick806,F,GENERAL PRACTICE,25 ADAMS ROAD,WILLIAMSTOWN,MA,012672928,42.7009605,-73.18515951851253,19,0
d1790292-3e88-3120-b162-8d5031f4eb74,3e16ee4b-2dc7-3e29-ab5b-0ce980c362b1,Reyes140 Sauer652,M,GENERAL PRACTICE,1200 SUFFIELD ST,AGAWAM,MA,010012933,42.04892565,-72.63626743195428,2,0
3a546ade-1a4e-3811-aa3d-3cde1828d2ed,ccb716b1-277f-3eff-999f-3ac0df45713a,Genaro214 Boehm581,M,GENERAL PRACTICE,25 LAFAYETTE ST,MARBLEHEAD,MA,019451939,42.4938348,-70.87382362834484,2,0
e5cd3c3a-bffb-3f38-b5aa-dfcc40752dca,86bbc3aa-e927-3d56-9d77-ab701b4b2926,Cristian531 Rojas511,M,GENERAL PRACTICE,538 ROBESON STREET,FALL RIVER,MA,027205496,41.707225,-71.1432141111111,155,0
455cbdd0-2d76-3002-acf9-07c66d5aaa54,9ab139f5-d278-31b4-b44e-feffdea65613,María José279 Cepeda588,F,GENERAL PRACTICE,88 ROUTE 6A 101,SANDWICH,MA,025631866,41.764922,-70.502215,8,0
26ffdad3-002c-3118-9ea8-776e1362ac03,4b7c1695-a178-3e03-8651-51acfd3b8372,Juan88 O'Keefe54,M,GENERAL PRACTICE,600 OLD SOMERSET AVE,NORTH DIGHTON,MA,027641824,41.86399,-71.1244904,35,0
a5c00400-f7ca-3c3e-a505-827fea995041,5c2e4b0c-fb84-3f95-bbec-a96c18600bf5,Earleen680 Schneider199,F,GENERAL PRACTICE,61 COOPER ST,AGAWAM,MA,010012149,42.0804485,-72.61914987322373,2,0
9feaa2e7-91a2-35bd-bacd-7c21847c2b27,aade280a-3b90-3e48-9648-91109a964a63,Johna806 Klein929,F,GENERAL PRACTICE,909 SUMNER ST,DARTMOUTH,MA,027473826,41.6332267,-70.9879928,529,0
68cde128-3400-3daf-8746-51ad225d26c1,6adc9d34-9b73-3285-abb7-56e567f1ba26,Keven605 Wunsch504,M,GENERAL PRACTICE,271 NAHANT RD,NAHANT,MA,019081341,42.42554385,-70.91995214383596,1,0
acb26658-c477-3810-b895-201f487e11a8,18764c6a-31fe-391c-80ac-6a5b761e06d6,Eleonor544 Doyle959,F,GENERAL PRACTICE,19 OBERY ST,PLYMOUTH,MA,023602129,41.94456995,-70.64966444737888,1,0
42a3b933-2aff-3745-bae9-0366f12859bc,981338c4-287c-3621-bc45-8b0b9f1b8922,Denis399 Kohler843,M,GENERAL PRACTICE,640 BOLTON ST,MARLBOROUGH,MA,017523999,42.3658183,-71.55914630258509,21,0
84819fc7-a548-382e-9b54-6ea845a6e837,96e9e829-0b71-3ad3-8b41-60e25b5d47d7,Doyle959 Crooks415,M,GENERAL PRACTICE,111 ORIENT AVE,EAST BOSTON,MA,021281006,42.39055278090538,-71.00587148689957,1,0
9ad5c823-5c0f-36e3-a3c3-bfb17df3d894,e59fb2d5-508c-38c6-af2e-21d8216dd2b0,Logan497 Fisher429,M,GENERAL PRACTICE,759 CHESTNUT ST,WARE,MA,010821625,42.256476,-72.237482,222,0
7aec6e7b-afc0-3dd8-8a46-d36be090a0ea,7a3b8310-02eb-3c47-aa1b-3f55b3ed9de9,Leif534 Dare640,M,GENERAL PRACTICE,6 HATFIELD ST,NORTHAMPTON,MA,010602545,42.333172950000005,-72.6566355591273,86,0
67843161-76ff-355e-9679-6bd2c38564a0,ecadbc11-930c-3903-b706-f8ef4bc9089e,Marco Antonio298 Terrazas956,M,GENERAL PRACTICE,780 CHESTNUT ST,SPRINGFIELD,MA,011031109,42.1211633,-72.60614164702717,187,0
1bd826f4-5d4f-3af8-b221-7558d8f320da,0f9d1260-db33-3483-b2b6-5483cfcb739c,Felipe97 Lebsack687,M,GENERAL PRACTICE,361 WOODWARD ST,WABAN,MA,024682027,42.326011949999994,-71.2254251580706,70,0
7caddb52-6f0e-3abf-99d5-b211706a1ed1,ad007cc5-a3df-3aa7-886d-5123ab59d189,Antoine384 Maggio310,M,GENERAL PRACTICE,85 N WASHINGTON ST,NORTH ATTLEBORO,MA,027601634,41.98443775,-71.33190349847027,1,0
2775d62b-57d6-3ac1-a805-d1a037bcab79,980d9bfa-a344-3bff-8c02-232dd0e8fd34,Pearlie554 Lakin515,F,GENERAL PRACTICE,100 TRADE CENTER SUITE G-700,WOBURN,MA,018011851,42.4792618,-71.1522766,131,0
e49e5642-58c9-31ac-8c39-0ba062273da3,f480acd0-7ef1-350d-aae6-d8e7d53ace57,Danelle47 Ondricka197,F,GENERAL PRACTICE,1193 SEA ST,QUINCY,MA,021693544,42.26883395,-70.95264075087945,125,0
a1f7df23-63f7-3e72-96a1-0a92ce041e0f,794b1cc2-97be-30a4-83a0-4bf6add43c74,Hugo693 Gutmann970,M,GENERAL PRACTICE,215 THATCHER STREET,BROCKTON,MA,023023949,42.0740963,-70.99660306096918,29,0
8e97bdbd-82fc-3404-a269-cbe282b1a2a8,440fa4b8-c731-3cf5-81d9-aa3f30a37b95,Bennie663 Abbott774,M,GENERAL PRACTICE,41 & 45 MALL ROAD,PEABODY,MA,019602901,42.5278731,-70.9286609,365,0
7b1774dd-78d3-3d31-b740-ed85319b6a5a,a1434ca1-a1ac-3884-abc7-fc4c35cc8b68,Guillermo498 Dietrich576,M,GENERAL PRACTICE,390 ORLEANS ROAD,NORTH CHATHAM,MA,026501154,41.700306363636365,-69.96549390909091,5,0
bffdca85-b839-3a5e-99e8-901818e5c9a2,0fab3c4e-a028-39a6-b15a-be5a88b6aa2a,Miyoko154 Paucek755,F,GENERAL PRACTICE,222 STATE STREET,LUDLOW,MA,010563437,42.15547415,-72.47222226666076,967,0
01b9185b-9b63-317e-b26c-aae75be29c07,3b021cb6-4745-3d9d-8436-230055f770bd,Eleni953 Franecki195,F,GENERAL PRACTICE,148 CHESTNUT ST,NEEDHAM,MA,024943238,42.27728075,-71.23665362814043,526,0
2870448a-cfd6-37d5-b8ee-47dc6398c28f,86880e58-8753-3c63-b057-33781df70528,Jon665 Keeling57,M,GENERAL PRACTICE,49 SAMOSET AVE,HULL,MA,020452512,42.2810432,-70.8703157542509,54,0
b4a4db4d-ba0f-3bad-ba3b-a58d772fa8a4,aaa7ebaf-b1a0-38c1-ba89-a16712cf431c,Violette536 Halvorson124,F,GENERAL PRACTICE,16 PLEASANT STREET,BRIDGEWATER,MA,023242420,41.98625885,-70.97978204646246,10,0
6b8991e8-76c7-3944-aba9-a9afa3e2ddc4,ce53c877-0290-390a-b4b4-2462001a1713,Anabel269 Hilll811,F,GENERAL PRACTICE,847 ROGERS STREET  SUITE 201,LOWELL,MA,018524345,42.6275246,-71.27673639687623,57,0
afb30f3f-5e23-3953-b29b-5da62dc579fd,e9a24be5-b0a3-3fd2-a606-dd13498024ea,Estella474 O'Hara248,F,GENERAL PRACTICE,85 E MAIN ST STE A,NORTON,MA,027662307,41.971697,-71.17689334021827,94,0
e936a145-2e93-39d4-be54-adad77e5b8fc,57e4e5fa-d68d-3caa-a5ad-37beb1b51207,Abdul218 White193,M,GENERAL PRACTICE,800 WASHINGTON ST,NORWOOD,MA,020623487,42.1886973,-71.2005241,336,0
4a823de1-fec5-3a5c-ba4c-382b04648973,195620ae-835c-3da6-8600-3bd89fe8292d,Felice694 Auer97,F,GENERAL PRACTICE,125 OAKLAND ST,WELLESLEY HILLS,MA,024815338,42.308723900000004,-71.26421651568413,1,0
26eb0921-3ffc-3837-ba05-3c7eeee822be,b20a0fe1-53b3-33fc-8acb-bc9a2df64e57,Michaele314 Schoen8,F,GENERAL PRACTICE,3 PATTERSON ROAD  SUITE 3,SHIRLEY,MA,014642907,42.552462649999995,-71.62383665745185,11,0
05052b07-5710-30ad-aac7-41c7e6a219ee,2befa435-3070-3350-a15c-e43ac1e84b24,Teressa589 Schuster709,F,GENERAL PRACTICE,575 BEECH STREET,HOLYOKE,MA,010406604,42.20105435,-72.628169560868,42,0
d3966329-ed36-39b9-818d-3594e392c645,c92cc255-6778-3307-8092-987d667be4ce,Merle11 Bogisich202,M,GENERAL PRACTICE,89 FOSTER ST,PEABODY,MA,019608925,42.5278731,-70.9286609,23,0
78c35450-5a36-3e3b-9f81-dd9d9522aac2,00ffb204-07b4-3c72-a678-fa252e6cf86c,Alex454 Satterfield305,M,GENERAL PRACTICE,450 BEDFORD ST,LEXINGTON,MA,02420,42.47370735,-71.25090005,129,0
de752d09-1c7b-3f24-a9e0-97358914c741,ad82d624-72eb-3c7d-a76d-79f2668d1390,Georgianne697 Howe413,F,GENERAL PRACTICE,3 WOODLAND RD,STONEHAM,MA,021801711,42.452443099999996,-71.08939988105112,54,0
f380619d-18a8-3b29-b5a3-6c3766c86345,70a26106-6797-39f8-83e6-6bcf212b99ad,Christopher407 Mohr916,F,GENERAL PRACTICE,340 MAIN ST,WORCESTER,MA,016081601,42.53616075,-71.74831883675786,64,0
d3bd4363-0729-38ef-bc45-d2381c81bf72,b8421363-9807-3b16-a146-95336eea5cfb,Saundra460 Kuphal363,F,GENERAL PRACTICE,30 LOCUST ST,NORTHAMPTON,MA,010602052,42.33032115,-72.65330802608176,1591,0
c5068607-acd4-3412-b38b-e1773c5ab210,8424b5ec-ba0a-32e9-94ae-a9d397884093,Booker670 Casper496,M,GENERAL PRACTICE,49 BLANCHARD STREET  SUITE 101,LAWRENCE,MA,018431456,42.69651155,-71.1612176954981,1,0
9771fb2a-9329-33f9-97c9-25310ede026d,3498e7d3-90fd-366b-bc6a-6f41dad6bae6,Olympia319 Bradtke547,F,GENERAL PRACTICE,112 WEST MAIN STREET,NORTHBOROUGH,MA,015321824,42.318559050000005,-71.65097281611972,13,0
828a8a92-a616-3c07-99c4-d5b2dff251dd,24460683-f514-37ef-98c1-724b2fc9aa2a,Simonne139 Wilderman619,F,GENERAL PRACTICE,60 HODGES AVE,TAUNTON,MA,027803034,41.91158935,-71.10129620180315,130,0
e57f7ac2-5f94-3647-8bf4-aa6d01b4da0b,f964d209-adbb-3f11-80ce-5687e587363a,Jacques50 Roberts511,M,GENERAL PRACTICE,155 MAPLE ST,SPRINGFIELD,MA,011051828,42.1004364,-72.57897095,10,0
f8b46f05-e963-381b-9bfa-eed13422980f,945104f1-4b95-3eed-bd02-5efa0afbf34d,Randolph418 Keebler762,M,GENERAL PRACTICE,20 CENTRAL AVE # 506,LYNN,MA,019011201,42.46410018181818,-70.9465129090909,6,0
1709e6ce-914b-3a01-8436-6fe727c3c8fc,3076e02a-deac-3e81-96a9-1d32cbda6fca,Cecil300 Kilback373,M,GENERAL PRACTICE,59 EASTWOOD CIRCLE,GARDNER,MA,014403901,42.567006649999996,-71.97817904424542,30,0
5a11cb50-f23a-36d0-a808-a532d9b30a50,752c7570-1637-36cf-8b74-03ea3acfa98c,Hiram237 Moen819,M,GENERAL PRACTICE,12 LITTLEVILLE RD,HUNTINGTON,MA,010509761,42.257603957277915,-72.87133712317558,16,0
0195b49c-0c14-346c-9914-bd725a258f43,1563fcb4-76a9-3ea4-863d-e276f38b9b3e,Carrol931 McCullough561,M,GENERAL PRACTICE,700 ESSEX STREET,LAWRENCE,MA,018414396,42.7020708,-71.17231,68,0
516cd6af-17e7-32c6-acf7-01b20c5f2c5f,fbd4ccdf-2fdb-3652-9bbe-1ccff886bd34,Tana168 Collins926,F,GENERAL PRACTICE,320 CENTRAL STREET  UNIT A2,SAUGUS,MA,019062372,42.4632069,-71.0093761,31,0
7b3b149c-f8b4-3642-9f6e-d4fb76057d57,136e0049-9edf-355f-9d7c-aabc5c74761d,Marry53 Schiller186,F,GENERAL PRACTICE,255 LEBANON AVE,PITTSFIELD,MA,012017828,42.4320582,-73.3065210384207,1,0
48a72da3-0fb5-39e3-973f-fd48bd155d4c,65f0254a-73a3-3b06-bced-54d511445535,Maira380 Carter549,F,GENERAL PRACTICE,720 BOSTON POST ROAD,MARLBOROUGH,MA,017523766,42.355106,-71.47654,3,0
40f8a984-2344-3e24-9fee-31a3b60837f2,901c2d40-1ca3-3879-9a20-c663b8adc0a9,Emory494 Schuster709,M,GENERAL PRACTICE,800 WASHINGTON STREET,STONEHAM,MA,021802445,42.4863168,-71.0928919,1227,0
2bb26d96-2454-3667-8179-71c456129da7,6170552c-4d27-3e64-8068-64a380f1837d,Leo278 Pacocha935,M,GENERAL PRACTICE,76 SUMMER ST,HAVERHILL,MA,018305814,42.7786873,-71.07306505177553,428,0
479c7ca2-4513-3f1e-9d77-f4cd24815878,e6cc6043-299a-3581-8f6b-b3b5d62c46ae,Ellen406 Farrell962,F,GENERAL PRACTICE,532 SUMNER AVE,SPRINGFIELD,MA,011082458,42.08631583333334,-72.55792579166666,241,0
c5befccf-3f97-35d3-b00e-ae90ac7c1050,b9e35b8a-9831-32d8-a6dc-d7a546c126b0,Venus149 Blick895,F,GENERAL PRACTICE,111 HUNTOON MEMORIAL HIGHWAY  1ST FLOOR,SPRINGFIELD,MA,011092550,42.1018764,-72.5886727,631,0
519eecba-449c-3d17-97b4-8611c436b731,06988693-a9d8-392b-a2ce-a07de8a931ad,Krystyna791 Reinger292,F,GENERAL PRACTICE,136 BOSTON POST RD,SUDBURY,MA,017762406,42.3638568,-71.39664274207772,1,0
b9389812-8d24-3ebe-8d35-2d67d7ba49aa,70d5bbef-3c05-3318-b9d7-003dc8fbb8cf,Horacio317 Mena475,M,GENERAL PRACTICE,33 SUMMER ST,TAUNTON,MA,027803479,41.9005416,-71.08895606814966,1,0
53d45cfc-e6fc-328b-8496-42775844318f,22249c0a-8ce9-3726-a3bb-b037c773ce5c,Leah288 Sauer652,F,GENERAL PRACTICE,337 NEPONSET AVENUE,DORCHESTER,MA,021223103,42.2875144,-71.0470691675753,9,0
e205cc23-476d-319f-8329-1aec1012aff8,7a75decf-7d3f-3b0d-8c2b-3abf0a8c7f58,Afton574 Kulas532,F,GENERAL PRACTICE,169 LIBERTY ST,MIDDLETON,MA,019491003,42.615226050000004,-71.0144865346162,82,0
fe28f0d8-b07d-3e3d-a528-79a9005750ff,18df2721-3f76-3f83-94d5-63597cedd298,Kylee806 Romaguera67,F,GENERAL PRACTICE,909 SUMNER ST,STOUGHTON,MA,020723396,42.1005097,-71.0830269025407,189,0
6f44d50f-2ced-3bec-a811-d3a1b753f1e5,46a09a29-4bda-3572-89dd-5def154669ed,Claretha922 Kiehn525,F,GENERAL PRACTICE,4901 N MAIN ST,FALL RIVER,MA,027202080,41.758923100000004,-71.11356439219409,4,0
ea317e80-87da-35ac-8339-a12475d841b6,38508743-50d1-3429-8fe2-37e42ddaf20e,Marth98 Mayer370,F,GENERAL PRACTICE,164 HIGH ST,GREENFIELD,MA,013012778,42.595268700000005,-72.59288632376354,1018,0
cba830a1-e71f-3669-abb8-160e32e5a69f,2f735290-1603-31b5-b561-7c8e0d413170,Jolynn62 Adams676,F,GENERAL PRACTICE,100 FOXBOROUGH BLVD STE 230,FOXBOROUGH,MA,020352878,42.041851949999995,-71.23486657070565,136,0
6ce31404-efff-381c-b886-e633c8885299,6b2e5b97-70f6-3219-8c99-86de138e6808,Forest317 Rutherford999,M,GENERAL PRACTICE,123 SUMMER ST,WORCESTER,MA,01608,42.26496835,-71.79655403681465,44,0
342e359a-0efa-3f5a-a0da-f439384a5e07,83879292-a99f-3eac-af31-b05a0fc1ce1a,Eloy929 Jerde200,M,GENERAL PRACTICE,3 COURTHOUSE LN UNIT 9,CHELMSFORD,MA,018241721,42.5998139,-71.3672838,8,0
33e49bd8-1227-3877-b63b-a336c4795459,27bf2e46-7445-35e7-9106-3ce1b074db47,Kathryn101 Donnelly343,F,GENERAL PRACTICE,80 BOSTON RD,NORTH BILLERICA,MA,018621034,42.5871093,-71.2948553,3,0
3dea0982-d0f8-3ccb-bd50-4ec6b0db6cf6,e1818b21-4458-3b9c-b2b8-7ed6f57ae078,Sid118 Wilderman619,M,GENERAL PRACTICE,2399 BOSTON ROAD,WILBRAHAM,MA,010951185,42.14668485,-72.45048427046072,21,0
8908d98a-a60f-3f61-bc8a-b93b260816f8,328f813e-4de8-3ec2-a113-43f3ddfb0b2a,Eldridge510 Roob72,M,GENERAL PRACTICE,30-40 WESTPARK STREET,BROCKTON,MA,023015241,42.0834335,-71.0183787,260,0
a4ae0ed0-c662-3f7f-b060-9e555aba576f,8d110f42-6f75-3751-b0c5-b45ab08333a1,Lino542 Feest103,M,GENERAL PRACTICE,88 WASHINGTON ST,TAUNTON,MA,027802465,41.9062805,-71.09518121351795,24,0
4c7c899b-3644-3d28-97ba-afbb45655b91,200746fc-5d0f-3ec7-a2a9-3d9a219ee139,Vicente970 Puente961,M,GENERAL PRACTICE,800 CUMMINGS PARK  SUITE 3100,WOBURN,MA,018016355,42.4977745,-71.1237712,6,0
d0bdf6ce-0445-3fc5-9533-56ab9de89a41,954e01a8-3b27-314e-9c77-254f1ac9c917,Graciela518 Lehner980,F,GENERAL PRACTICE,116 Long Pond Road,Plymouth,MA,02360,41.924313,-70.656654,53,0
bf2426c9-a750-32fe-b14c-0388959bf67e,dd3307db-114c-3f11-be44-a9eef6bb3fc5,Francis500 Ratke343,M,GENERAL PRACTICE,269 UNION STREET,LYNN,MA,019011201,42.4652772,-70.94362420273097,82,0
f7c6eb6b-6e51-3ffe-9698-2c6e20fb97c9,f2068cee-c75c-321d-9b2c-c33535db89c9,Charles364 Prosacco716,F,GENERAL PRACTICE,32 BOSSI AVE,RANDOLPH,MA,023682002,42.20017865,-71.0582074,31,0
fa388c11-9f3e-3adc-ba5d-682f323d4dd9,66505876-04a4-3f6e-9aa8-7232ee43ab76,Mohammad578 Rodriguez71,M,GENERAL PRACTICE,548 ELM STREET,NORTHAMPTON,MA,010602832,42.327755,-72.657308,1,0
4e619db6-d512-30ec-9aea-e4b6916b86b6,ab7d1a51-1c58-37f8-94fc-e5d55eae38c1,Dylan44 Walsh511,M,GENERAL PRACTICE,101 AMESBURY ST,LAWRENCE,MA,018401311,42.70904,-71.16393,32,0
35f6b380-52c0-3329-82b4-ef118e52e6a6,9285ca02-6788-3ae1-b1b7-3b313abbfea1,Hilary419 Dach178,F,GENERAL PRACTICE,59 COOLIDGE HILL RD,WATERTOWN,MA,024722816,42.36721805,-71.1528107445055,1,0
8e08ba21-7041-3aea-b0b0-230fdc947d13,9b1f8cd0-2246-3f4f-82df-23ea314c7665,Claudio955 Bruen238,M,GENERAL PRACTICE,800 ESSEX ST,LAWRENCE,MA,018414617,42.70162725,-71.1755487945157,1,0
923c6152-9ebf-3988-aadc-8222aaaf5955,15d4c950-4691-3996-b4c4-bf06bfb58ff7,Alvin56 Crona259,M,GENERAL PRACTICE,70 EAST ST,METHUEN,MA,018445883,42.7285558,-71.16833738237946,493,0
fb56dd01-8de9-37b9-83b8-b765965ae201,655f2a4f-419c-39d3-8ed6-6c4117eb7e32,Aurore252 Herzog843,F,GENERAL PRACTICE,21 MAIN ST,NORTH READING,MA,018641326,42.566971949999996,-71.10799861135133,54,0
2a713d79-cf4b-3e0a-9caf-e25694ce24ab,118e081c-c2f2-35cd-b9c3-ef534f1b7830,Silvia880 Bahena335,F,GENERAL PRACTICE,1364 MAIN ST,READING,MA,018671137,42.55581805,-71.10585713492983,4,0
1f71051c-5466-3360-bbda-c5706f639126,5018c664-e283-30eb-932a-529d9a19b3b5,Numbers230 Stehr398,M,GENERAL PRACTICE,300 SOUTH ST,WOBURN,MA,018014979,42.473347,-71.144086,281,0
d622bbaf-e06a-31e1-b54e-45bdacd3311f,2e8b42f8-4300-30a9-a576-d513d1021a0a,Beverlee316 Haag279,F,GENERAL PRACTICE,600 CLARK RD,TEWKSBURY,MA,018761699,42.63120935,-71.27023603178071,260,0
bdd5d885-c079-3fbd-996a-3558c9d5cead,0caa0116-ef9a-3d4c-bcff-9c405a9d2bda,Yasmin241 Emard19,F,GENERAL PRACTICE,105 CHESTNUT ST STE 35,PLYMOUTH,MA,023604054,41.884685,-70.847219,66,0
1d66be07-687e-3970-8f43-669b0fa6dd16,4ff3563e-f909-3a06-902d-26c28d9d5355,Soraya693 Cormier289,F,GENERAL PRACTICE,876 FALMOUTH RD,HYANNIS,MA,026012322,41.6619029,-70.31909857281401,2,0
759d7184-b1ba-3198-a68c-811a26415789,847ba43f-362d-3325-a095-93eb95d9dd90,Lawanda300 Bayer639,F,GENERAL PRACTICE,60 E SILVER ST,WESTFIELD,MA,010854434,42.1147598,-72.73956114707532,5,0
e31694ed-f4e3-3892-8c93-827b66b53f89,d140ed3f-2696-3e78-bd77-1c959ec4fc4d,Orpha286 Marks830,F,GENERAL PRACTICE,863 HATHAWAY ROAD,NEW BEDFORD,MA,027401916,41.6512968,-70.9669902070805,34,0
df00c2df-0af7-3adf-8a1b-b3ea2084a205,1cff30ba-b91f-3ea2-b80b-770d67856358,Duncan491 Halvorson124,M,GENERAL PRACTICE,359 JONES RD,FALMOUTH,MA,025403341,41.5591273,-70.60352436630029,99,0
57f83dd8-242e-3ca0-b66e-32fcf186fc33,d4e48a16-0a60-3e90-81e5-c35b22ffe6af,Alfredo17 Venegas795,M,GENERAL PRACTICE,856 STATE RD,NORTH ADAMS,MA,012473027,42.69967208677275,-73.16330754755236,11,0
67431b92-ff59-3d2e-9555-21d137141775,6f95a7a4-3343-3d14-b8b5-35d1e3247551,Denis399 Bailey598,M,GENERAL PRACTICE,254 BILLERICA RD,CHELMSFORD,MA,018244114,42.5969934,-71.3233653623669,2,0
dc3ab95f-58a5-31ed-8adc-6d04110ec2eb,39c15c0f-5c49-311e-99d2-1fb99d80e06e,Salvador46 Homenick806,M,GENERAL PRACTICE,398 NEPONSET AVE,DORCHESTER,MA,021223134,42.286764399999996,-71.04402811508834,33,0
f05c68ea-e463-3e92-9ba0-f7a537f31ca5,c3e56d13-ebb5-3d4d-908f-3f2a6a4de7aa,Alonzo487 Reynolds644,M,GENERAL PRACTICE,233 MIDDLE ST,BRAINTREE,MA,021844840,42.2180597,-70.9924896,1,0
365bec76-e71f-375c-9418-ebaa0da25b1f,8f22037a-070f-3fcf-8f39-fa879f0ae107,Ina660 Hermann103,F,GENERAL PRACTICE,567 DARTMOUTH ST,S DARTMOUTH,MA,027481826,41.61112,-70.93937914285715,1,0
0254ac3d-1e99-3711-9b87-d79fd324a91b,bccd7d67-203c-3d93-b6b0-bff5a146cd1d,Courtney281 Kihn564,M,GENERAL PRACTICE,286 WASHINGTON ST,STOUGHTON,MA,020721763,42.1384306,-71.1022598,209,0
8109408a-a368-3ecf-b420-16727e936efc,07baae96-3d74-3c69-a845-dad7b792eb52,Ana Luisa894 Flores439,F,GENERAL PRACTICE,42 ASBURY ST,SOUTH HAMILTON,MA,019821808,42.61322825,-70.87300675048934,94,0
ebeecb87-4cb9-3307-b7d5-44a09b525f58,63cb4d95-04a9-3a35-b5d9-f89e0377a48d,Chu728 Weber641,F,GENERAL PRACTICE,211 PARK ST,ATTLEBORO,MA,027033143,41.9419187,-71.2752081695297,682,0
6be71609-302f-3a3f-9df5-5749e75227fe,45e64170-207e-3786-b970-76fca7a5691b,Myron933 Hilpert278,M,GENERAL PRACTICE,50 INDIAN NECK RD,WAREHAM,MA,025712174,41.7539753,-70.69890130810117,1,0
6c6b2c25-bb63-3da9-b637-da8ea3f3b832,6e290541-eba3-37fc-a3e2-e58f77e84c7e,Gregory545 Toy286,M,GENERAL PRACTICE,15 LENOX ST.,SPRINGFIELD,MA,011083122,42.085779,-72.55846414285715,86,0
8840774f-da19-3a6d-9ac0-08a8b04f20ee,263d1b03-1560-3fc3-b93d-c33a0cbd5837,Clemente531 Treutel973,M,GENERAL PRACTICE,10 RIVERSIDE DRIVE  STE 201,LAKEVILLE,MA,023471689,41.8771119,-70.92344635,21,0
e5080b0a-8160-31c4-90ad-88d09046f748,4e880cb9-1ca0-3582-b8cf-8a59b0d2b878,Haywood675 Bednar518,M,GENERAL PRACTICE,51 S CHURCH ST,PITTSFIELD,MA,012016178,42.44648205,-73.25863241543368,62,0
966b918f-3f7b-341f-a1bb-e40a82d412ec,a2a41caf-758f-3962-8e5f-e6e603f93d17,Rhett759 Padberg411,M,GENERAL PRACTICE,111 HUNTOON MEMORIAL HWY,ROCHDALE,MA,015421305,42.2020225,-71.89891616754682,377,0
d269bb22-e169-3096-a91e-0971db00b9ae,ca62a361-9c79-32d1-92cc-ffc0d5d19679,Benedict104 Barrows492,M,GENERAL PRACTICE,19 HENRY ST,SHARON,MA,020671714,42.109147300000004,-71.20768205338297,42,0
ad5b9d00-8e99-3b6f-bd13-2fd421246be7,0d24cc89-3256-330c-b36d-d8de8babef84,Will178 Bernhard322,M,GENERAL PRACTICE,1030 FALMOUTH RD,SOUTH YARMOUTH,MA,026641218,41.6667779,-70.1847414,150,0
4f104026-12e9-3b19-b1df-ea31e7bef54a,db28cc9a-fdfb-35a6-aef7-ab9b933ef244,Clement78 Gleason633,M,GENERAL PRACTICE,8 DANA STREET,CAMBRIDGE,MA,021385402,42.3694992,-71.11011030010101,38,0
dd1dea00-16f3-38d7-80aa-c790f18a7267,19a65317-5d32-355e-8f82-88933d48366d,Wes853 King743,M,GENERAL PRACTICE,5 PRECINCT ST,LAKEVILLE,MA,023471468,41.8455651,-70.95195924208448,43,0
86f92223-258e-3d7f-82a7-77356dda7d8f,844a8cb2-4164-35b2-88b8-dffa2889a738,Shemeka786 Conn188,F,GENERAL PRACTICE,150 UNIVERSITY DRIVE,AMHERST,MA,010022232,42.368937,-72.53247107203978,38,0
d8ad88b4-ff81-339d-b7c4-91f8ac15668d,ee6705d5-db4a-3120-bbe1-1e72972a841f,Regena252 Huel628,F,GENERAL PRACTICE,101 JACKSON ST,LOWELL,MA,018522103,42.64221447368421,-71.31029421052632,2,0
f48cf2ff-4d44-37c4-a94f-0061af60cfcb,a6fb79e7-4abb-3a68-b62d-e501427fdca4,Barb55 Renner328,F,GENERAL PRACTICE,489 WASHINGTON ST STE 202,AUBURN,MA,015015709,42.187836,-71.83104,167,0
2a760cb2-98de-31a7-9e59-aafc8b68fdc9,756ed90d-15f4-377d-b99f-ca1de5633481,Cathleen724 Runte676,F,GENERAL PRACTICE,115 HOLLISTON ST,MEDWAY,MA,020531954,42.158983899999996,-71.41067830029175,1,0
2906d66c-fe01-349a-9fac-a3e8ba6f2859,5117bb89-3a9f-3740-a0f1-c3a1a8d7851e,Rashad361 Predovic534,M,GENERAL PRACTICE,20 ELM ST,PITTSFIELD,MA,012016502,42.4458896,-73.2448206979669,64,0
10eeeb33-6f17-3e16-8847-d036361dd990,4e3c60e6-dbed-32c3-9b03-767d7fbc82b0,Débora815 Alonso270,F,GENERAL PRACTICE,222 RIVER RD,LEEDS,MA,010539783,42.364084399999996,-72.70745188531934,1,0
ec79f6af-967b-34de-b4b9-5f9ed1c2f959,9d0e702d-50a0-3f4c-9126-0951d560fd4b,Hellen346 Roberts511,F,GENERAL PRACTICE,189 MAY ST,WORCESTER,MA,016024339,42.25986305,-71.83597786023279,192,0
33dc097a-d18d-3bd4-b0eb-3eaae739b82e,81b1ef2b-8d3c-3923-859d-ae56099e037a,Lesley194 Bradtke547,M,GENERAL PRACTICE,19 VARNUM STREET,LOWELL,MA,018502132,42.6520846,-71.29979019978185,2,0
c5e458a7-ea4a-3355-a11f-30bf3855ada6,ea8d287f-b3a9-3800-8798-788e334ee406,Palmer257 Kuphal363,M,GENERAL PRACTICE,81 HIGHLAND AVE,SWAMPSCOTT,MA,019072928,42.4699241,-70.9171507,676,0
c99f4a9d-f102-3a4d-b2b9-8f04fdf7c006,c7542447-e06e-32cb-b6db-243c23a0dbc2,Carson894 Krajcik437,M,GENERAL PRACTICE,30 WARREN ST,BOSTON,MA,021353602,42.3501483,-71.14393324457691,126,0
e7f154e5-867b-3ccb-8c36-d77265c8531c,50c47685-8125-3c50-8311-8bd7ba9e9108,Kirby843 McKenzie376,M,GENERAL PRACTICE,4199 WASHINGTON ST,ROSLINDALE,MA,021311733,42.2871447,-71.1277526,125,0
de221f96-3ce8-3018-acd0-2e0da3feadee,8bf5325a-c11b-35c4-b07d-17a5aeba8353,Penni796 Okuneva707,F,GENERAL PRACTICE,815 WORCESTER STREET,SPRINGFIELD,MA,011511001,42.1018764,-72.5886727,19,0
2f97d1bc-49d9-3f43-82f8-306ce9fc6c2c,0b2738b6-7911-3aa4-8b6e-7e1df7c14fe1,Kayleen757 Stokes453,F,GENERAL PRACTICE,888 N MAIN ST,BROCKTON,MA,023011668,42.1061239,-71.02807965450519,2,0
989c2d7d-b227-38a8-a50d-519bb5e0e0fb,46375470-1e20-3ddc-8dc5-010ba53826b6,Antonia30 Villalpando154,F,GENERAL PRACTICE,40 WRIGHT ST,PALMER,MA,010691138,42.16934095,-72.34120457065711,139,0
c4f463af-c805-320b-86c3-c394de3bc040,9d2a1656-0f4d-30d1-bc63-eb365a05529c,Maynard46 Ward668,M,GENERAL PRACTICE,235 N PEARL ST,BROCKTON,MA,023011794,42.09805395,-71.0609587194362,59,0
7cac58f4-a0f0-3ec6-b7cb-9127f31f7aac,aba3e6f6-4562-342e-b90f-dd61b117f394,Maryjane289 White193,F,GENERAL PRACTICE,438 CHESTNUT STREET,SPRINGFIELD,MA,011072008,42.11291091861002,-72.59692685125127,10,0
1521c60a-5fcd-30ff-8fb6-c9baf9cf5ca7,a4b91172-69e7-3895-bd89-b9a0868de5c2,Shanita956 Wolff180,F,GENERAL PRACTICE,651 ORCHARD ST,NEW BEDFORD,MA,027441052,41.6149879,-70.93113851963673,70,0
84a865e2-ae90-3c7c-b3a8-eaf8b1871e3c,47fb5a56-bee5-3ecd-9958-706b20831c82,Ezra452 Torp761,M,GENERAL PRACTICE,600 CUMMINGS CENTER  SUITE 270X,WOBURN,MA,018016356,42.4792618,-71.1522766,22,0
15aa83ce-fd58-30d3-88a3-a768796924a0,ca8a919a-05f9-3687-bfb6-42800a70031e,Josue598 Flatley871,M,GENERAL PRACTICE,6111 OAK TREE BLVD STE 301,FRAMINGHAM,MA,017014613,42.3095704,-71.4413097,18,0
54af9961-f901-3d83-80f8-3d8e1571ddd1,eee00932-ca82-36bc-b7e8-e3fff6dbaeaa,Cira533 Hane680,F,GENERAL PRACTICE,450 BROOKLINE AVE,WEYMOUTH,MA,021893141,42.2212188,-70.9391625,850,0
a5a8ff0a-c794-313c-9445-cba2769a0542,50c7f768-9138-3dae-a67d-953bdf9ad754,Evelia928 Bogisich202,F,GENERAL PRACTICE,125 COUNTY STREET,TAUNTON,MA,027803561,41.8960599,-71.07799243944345,7,0
90ed8fa4-6206-31fb-be99-812d3f93ab6c,a194e94a-dd16-347e-95ea-8d00052c14d1,Elvera717 Gusikowski974,F,GENERAL PRACTICE,833 MAIN ST,S YARMOUTH,MA,026645254,41.65171785,-70.21464095380932,54,0
c00613b4-954a-3c0d-a141-fa60330b209b,be509ccb-bfb7-3b87-8945-8426b689ef9d,Chong355 Balistreri607,F,GENERAL PRACTICE,2049 DORCHESTER AVENUE,BOSTON,MA,021244742,42.3554334,-71.060511,3,0
207c47e8-a37e-3993-ac7a-171194aab9ca,1f9d5a6b-d2ea-3000-bb9d-b22c00ffbbb2,Jarrod316 Weber641,M,GENERAL PRACTICE,2033 MAIN ST,ATHOL,MA,013313535,42.58522105,-72.20868129339888,95,0
0fa40dbf-0b43-3b81-a0ea-8b1628dcdc25,065eba51-cef7-3976-8654-ba8e7df887ce,Lyndon118 Block661,M,GENERAL PRACTICE,1165 NORTH PLEASANT STREET,AMHERST,MA,01002,42.40927615,-72.52971238527101,10,0
5ea023f6-d8cb-3cbc-9f78-b6ac606317ee,a06b1a97-d6ce-3ea1-ba4a-2ef85a8114ab,Kyle55 Goyette777,M,GENERAL PRACTICE,400 GROTON ROAD,AYER,MA,014321171,42.57821195,-71.5733060441645,12,0
1466b2e4-ef0f-3bcb-ac94-40d4c9ade568,73c7eaf8-f8b3-383f-b3e1-4d8ff5ca255d,Nicki254 Bartell116,F,GENERAL PRACTICE,161 FALMOUTH RD,MASHPEE,MA,026492662,41.6314877,-70.46769809885944,1,0
4c63d9cd-b216-340b-84cd-8c1d341360dc,6873525f-1680-3ceb-b536-270d44b46e2e,Raymond398 Nicolas769,M,GENERAL PRACTICE,500 COLUMBIA RD,DORCHESTER,MA,021252322,42.3147979,-71.067633,150,0
f3aa8fd1-adb3-3ff5-96c2-f66c0b1b7a73,6c7fe370-02c4-3537-8f5e-373b2168b933,Enrique929 Caraballo427,M,GENERAL PRACTICE,60 HOSPITAL ROAD,LEOMINSTER,MA,014533791,42.54031915,-71.76312990486304,5,0
c78d5522-41ff-3d2e-aba4-969e89d6fec0,f8918a95-31e8-3ac4-8d12-29ca6080ebda,Rudolf736 Vandervort697,M,GENERAL PRACTICE,199 REEDSDALE RD,MILTON,MA,021863926,42.251368299999996,-71.0768393856917,535,0
38e97d06-376d-323b-a475-dd71e50baf53,bce5b907-584b-345d-bbcf-912cf56cb6c3,Monte325 Parisian75,M,GENERAL PRACTICE,11-15 SANDERSDALE ROAD,WORCESTER,MA,016032467,42.0667952,-72.0084995,136,0
206fc504-79db-3184-9842-3ff7125353ef,8d5880eb-1dd8-31ea-b7c5-21709f3bb341,Jared66 Satterfield305,M,GENERAL PRACTICE,50 ROWE ST,MELROSE,MA,021763201,42.4592093,-71.06078096379728,234,0
93ce608c-9e08-3d0e-b636-9fb749c16393,ca9ee1b8-abeb-3b62-a017-8839fbe10847,Mikel238 Miller503,M,GENERAL PRACTICE,172 LAWRENCE STREET,LAWRENCE,MA,018413849,42.7138132,-71.1639172,3,0
4303f793-2350-38ae-9e8c-a4546867e0d9,0ec04450-c150-322d-b2c3-1449d672a23c,Yolando662 Huels583,F,GENERAL PRACTICE,110 W SQUANTUM ST,NORTH QUINCY,MA,021712122,42.27259075,-71.03082765,47,0
a6edeaa7-bc7f-370a-935e-864c6d8d5883,3ff0f58b-7a1f-3334-9449-ff15f68b7d86,Crystle668 McCullough561,F,GENERAL PRACTICE,275 SANDWICH ST,PLYMOUTH,MA,023607761,41.94186605,-70.6455366462985,393,0
183f276a-be67-34a7-8a0c-aee4a676b10b,70e3ad4f-b9ff-3f3e-9990-2cd7e23a9d1c,Tambra47 Bosco882,F,GENERAL PRACTICE,1238 RIVERDALE ST,WEST SPRINGFIELD,MA,010894675,42.1373438,-72.62624707492338,20,0
0c0f72e4-064e-3932-9e38-b5439d7f326b,9cfdd210-a2ed-34d6-9381-2f5d999011ca,Warren653 Beier427,M,GENERAL PRACTICE,21 HIGHLAND AVE,NEWBURYPORT,MA,019503873,42.814341671166744,-70.88998002772408,16,0
79b6fea7-bec2-3c13-ab98-754f13c54e47,7e8bd0f2-2746-355e-92ef-9473818c58a2,Suanne858 Okuneva707,F,GENERAL PRACTICE,90 SUTTON STREET  SUITE 3-4,NORTH ANDOVER,MA,018451655,42.705281049999996,-71.13643624887442,13,0
78419c5f-b82a-39f7-a6f4-dd8426d070ea,dd280187-8662-3732-af81-595d10572911,Clifton91 Lakin515,M,GENERAL PRACTICE,4499 ACUSHNET AVE,NEW BEDFORD,MA,027454707,41.74026055,-70.9450945705336,1376,0
b0d49da4-a777-357a-9d1f-5c75b1662257,a6964d47-8af0-3df2-b99d-d8414eb1cfa3,Adrienne302 Schiller186,F,GENERAL PRACTICE,200 MAY ST,SOUTH ATTLEBORO,MA,027035520,41.924394750000005,-71.36076410900014,789,0
4a861cdb-5e09-389e-b003-d32c04a5c3dc,dae3ee01-f383-366e-9ad6-dc92963064ea,Orville751 Will178,M,GENERAL PRACTICE,1233 MAIN ST,HOLYOKE,MA,010405381,42.16578055,-72.63389634691956,185,0
730f0ca2-b96b-3fd9-a22c-f9b63990b1f8,a7b047dd-186a-32de-8187-b0853c05aed6,Melida518 Mayert710,F,GENERAL PRACTICE,180 LOW STREET,NEWBURYPORT,MA,019503519,42.815683050000004,-70.89666045994463,3,0
bff6dcd4-acde-38a8-8bde-801c5326c4a9,dac75bc1-cbfa-306b-9a0a-88d5edf3638d,Henry768 Ebert178,M,GENERAL PRACTICE,170 COREY ROAD,BRIGHTON,MA,021358244,42.3433093,-71.14003855124017,17,0
99f58245-2fd1-3339-8d45-a093710af905,b7488009-cd48-3a0d-87c4-6c47d1ceb3c8,Marielle507 Hayes766,F,GENERAL PRACTICE,95 COMMERCIAL STREET,BRAINTREE,MA,021844301,42.22110375,-70.97097247044559,1,0
aae43d2e-7dd5-34a4-8b6d-2a152d421c36,371948e4-733a-33b6-a835-68abefdeb59f,Zachary28 Gleichner915,M,GENERAL PRACTICE,197 ADAMS RD,WILLIAMSTOWN,MA,012672930,42.704126099999996,-73.19043030392987,92,0
6bd8be8a-a736-3267-8665-3aacae8ed5d0,744bdf85-6223-367c-b1ab-e8c8e0a5eb28,Waylon572 Hammes673,M,GENERAL PRACTICE,2 REEDSDALE RD,MILTON,MA,021863800,42.258080449999994,-71.08070895097364,52,0
6694ca5e-beed-33e5-add8-e40658e2add1,679a8e99-0f35-3eec-94ed-d8341e9fe33c,Reina25 Chávez927,F,GENERAL PRACTICE,140 WEBB STREET,WEYMOUTH,MA,021882736,42.22281125,-70.96226691624932,38,0
d23ccfc3-cc2e-37d9-b691-e79ffa49941b,9d283097-e706-3421-8b98-948b1fdadf30,Diana207 Galván169,F,GENERAL PRACTICE,42 PROSPECT AVE,WEST SPRINGFIELD,MA,010894510,42.157666846720865,-72.63485704670578,1,0
faa4ff42-7a9c-3303-9df4-b821dec1ef24,f82ff162-c689-3682-876c-220cf96eb97b,Billy698 Schoen8,M,GENERAL PRACTICE,74 MAIN ST,FRAMINGHAM,MA,017022952,42.2976266,-71.42605348361442,11,0
896ffb90-a2a7-33a0-bd8c-d74c38cc3f2f,9d989fcf-4ad9-3972-ada3-f275d967781e,Cristi782 Miller503,F,GENERAL PRACTICE,100 TER HEUN DR,SANDWICH,MA,025632377,41.7579043,-70.4968152,489,0
fb3130b5-271f-3afb-85c0-1b2054aa1dda,92d919ab-8380-3fda-a5f1-838e69b819c1,Velda682 Gutmann970,F,GENERAL PRACTICE,300 TRADECENTER STE 4750,WOBURN,MA,018017420,42.4994143,-71.161659,62,0
6f1f2ea6-d131-3eaf-b5e3-ac2b9bb89d1e,87472bc2-7c23-37cc-8355-7f3e88614b6b,Leilani136 Kris249,F,GENERAL PRACTICE,305 MAPLE STREET,EAST LONGMEADOW,MA,010282765,42.059258494749486,-72.53388585052694,28,0
6f2fd067-c96c-3d03-b5a1-4378659dcf93,7a5f7ae1-8437-3f5e-b788-5c2ad57f0a0b,Millicent213 Mertz280,F,GENERAL PRACTICE,29 ORCHARD ST,SOUTHBRIDGE,MA,015504003,42.076356200000006,-72.04167805,54,0
d8efb6e6-0016-36c5-ab98-7a9b41d309bb,b69bccdc-5ad3-3ded-a018-3cd8f369c9d2,Wendell199 Ziemann98,M,GENERAL PRACTICE,120 S MAIN STREET,CENTERVILLE,MA,026323246,41.649898300000004,-70.34309844876677,18,0
412efa0f-4d2e-390e-9e98-883fe8c1d53d,af3871c3-2098-3051-bcb7-8a919e194a16,Stephane228 O'Conner199,F,GENERAL PRACTICE,97 LIBBEY PKWY,WEYMOUTH,MA,021893110,42.19322885,-70.94589987654936,44,0
c3883c89-a945-31d8-96c6-a797f4e06d03,542185c1-943a-30f4-aba0-0efaa92488a4,Luetta803 Rau926,F,GENERAL PRACTICE,142 LAKE ST,ARLINGTON,MA,024764738,42.40328885,-71.15140830652837,55,0
bf19dfc7-c80b-354a-936b-cbcea1c8cc72,de32e6d9-848e-35d4-a217-e62eb5e0bc7b,Elise948 Abbott774,F,GENERAL PRACTICE,77 HIGH ST,NEWBURYPORT,MA,019503071,42.8055312,-70.87001791778893,3,0
15fe5756-ceda-3210-ac7e-3a2c81303e2b,0319f6d9-60a3-36ac-9f26-b782d7997b1c,Maybell872 Quitzon246,F,GENERAL PRACTICE,22 MILL ST,ARLINGTON,MA,024764738,42.4177455,-71.1579688,71,0
c6042ac5-0124-3905-9322-7fe3bd82e0c8,a2cc09de-c1e2-3126-8c09-d49f95225281,Cristi782 Leannon79,F,GENERAL PRACTICE,300 LONGWOOD AVE,WALTHAM,MA,024532741,42.3756401,-71.2358004,48,0
57710849-4446-32d5-8a36-a787f9a85657,9f2f60a6-87a4-3f45-b753-b63b5b7e9993,Maricruz991 Considine820,F,GENERAL PRACTICE,332 HANOVER STREET,BOSTON,MA,021131901,42.3647421,-71.0536619,91,0
bdce16b2-9573-3c33-8f48-202512c0dcc9,c5306a86-09a1-32d9-875a-67ef56e131c0,Maragret485 Gutkowski940,F,GENERAL PRACTICE,242 SUTTON ST,NORTH ANDOVER,MA,018451631,42.70773345,-71.1300651,59,0
31ab466d-dbcf-3686-a665-4eccb55e2ced,ab16be57-62ea-39a5-8f7a-ee1285cf6934,Francisca486 Tórrez28,F,GENERAL PRACTICE,115 MILL ST,PETERSHAM,MA,013669503,42.4865962,-72.1893057,62,0
1ca225be-fe9f-3990-8fb7-de96b6c187e2,f341c366-8313-3790-ab26-d8d27b116ff5,Odell776 Greenholt190,F,GENERAL PRACTICE,80 LINCOLN STREET,WALTHAM,MA,024535465,42.39322121170625,-71.24104146434591,31,0
01c62ca2-c433-3e0f-a5e4-664bd056f3e4,0d7ef8ee-4e45-3b40-9f2b-f558dce71574,Douglas31 Kuhlman484,M,GENERAL PRACTICE,200 BOYLSTON ST,CHESTNUT HILL,MA,024672008,42.318869649999996,-71.17524247213663,29,0
1fdb308a-717f-39e7-8289-85234915b795,f312977e-8f41-3816-84cc-e5b12ba36955,Harlan808 Langosh790,M,GENERAL PRACTICE,1153 CENTRE ST,JAMAICA PLAIN,MA,021303446,42.3017598,-71.12855793387442,153,0
91615741-f374-319d-92b9-c3ed4ec3a49f,0519b293-2e92-3eb3-aeef-233da0babc93,Juan88 Friesen796,M,GENERAL PRACTICE,40 PARKHURST ROAD,CHELMSFORD,MA,018241511,42.6198215,-71.36189212971482,63,0
4ad107ba-0b96-3e92-bdfd-70efa7730ff1,5c896155-eb9a-383e-9162-a43ebb7f1cc5,Nannie905 Mayert710,F,GENERAL PRACTICE,400 LINDEN PONDS WAY,HINGHAM,MA,020433784,42.1972249,-70.91712645007524,87,0
1c9dec68-4baf-308c-9b93-5dd570771eab,c5403c4f-14d5-3171-9227-a9b8327f3149,Lonnie913 Ferry570,F,GENERAL PRACTICE,52 OLNEY RD,CHICOPEE,MA,010202103,42.1487691,-72.6071119,53,0
e6fc413f-182f-3b85-b372-6d3585c838bc,a730c5e6-a15f-3e36-8112-8579e507d330,Drew592 Ankunding277,M,GENERAL PRACTICE,28 LORD RD,MARLBOROUGH,MA,017524549,42.34718040987546,-71.57283065352654,57,0
aa05daeb-53b5-3f43-9691-beba31d5fd72,4ffc4e4b-9d8d-3c30-ad84-fc9a7209da94,Troy560 Carter549,M,GENERAL PRACTICE,4525 ACUSHNET AVENUE,NEW BEDFORD,MA,027454727,41.74080975,-70.94731021257817,6,0
29d55e34-903d-370e-81b4-ab97bacae094,389323ef-b127-3a06-a22d-e24aef033e5d,Eugenio846 Streich926,M,GENERAL PRACTICE,200 PROVIDENCE HWY,DEDHAM,MA,020261881,42.22214545274341,-71.18159060546684,35,0
70757109-5bf3-3069-8307-c6dbc5eb9fb3,bebc1dac-6c42-3225-b0ba-23278cdf2a62,Cherry401 Hackett68,F,GENERAL PRACTICE,464 MAIN STREET,AGAWAM,MA,010011826,42.07695165,-72.62026217030348,60,0
345197ed-a57b-3f27-a612-bf5bb506091d,5a6fa8a5-90e2-3f70-bb3e-3d9dd7ad2f96,Josue598 D'Amore443,M,GENERAL PRACTICE,44 NEW LOMBARD RD,CHICOPEE,MA,010204857,42.1678446,-72.54203576723424,2,0
8c31e106-2ae2-34be-a1c2-d919850bb745,ce4d0501-49eb-396a-bc56-545fdfc624b0,Mauricio81 Daniel959,M,GENERAL PRACTICE,1 HOSPITAL RD,OAK BLUFFS,MA,025571406,41.46063105,-70.57989080295974,563,0
9f262bca-6a14-3068-a693-64e34a9c8cb7,70e943de-a18b-3e03-a204-ecca2f01b6d1,Joshua658 Wolf938,M,GENERAL PRACTICE,76 NORTH MAIN STREET,WEST BOYLSTON,MA,015831130,42.393642299999996,-71.79207534741954,13,0
65b1e34d-792b-313e-9758-a9aeb4d15305,e69e7cbb-8362-30d1-83f2-3a0c492fe2b1,Isaac321 Kub800,M,GENERAL PRACTICE,110 LONG POND RD,PLYMOUTH,MA,023602642,41.9255829,-70.65514326847389,135,0
8f6af8cf-27f8-3717-a993-086ad7f623b0,1ef8d603-bec1-35f5-a830-2a0b919cf47f,Thresa531 Kutch271,F,GENERAL PRACTICE,1801 TURNPIKE STREET,NORTH ANDOVER,MA,018456322,42.6355548,-71.0761760490546,10,0
1b0e8eb9-aa0c-3b6a-9bce-e4d39c74bd40,afc661fd-71d9-3fc3-adf2-3fc3b5e8a140,Leontine92 Schmeler639,F,GENERAL PRACTICE,680 CENTRE ST,RAYNHAM,MA,02767,41.9487118,-71.0731008,73,0
05cdaad8-b2f0-33b5-8bd2-8141c22b340f,be9a14c1-72a6-3186-b199-fdb070768458,Tanner110 Roob72,M,GENERAL PRACTICE,18 FRANCES ST,WOBURN,MA,018013006,42.488288600000004,-71.15015700746171,1,0
ccb34556-5402-3191-9ba5-251130aa08fb,06cc2462-430f-3322-9c87-7e971125f510,Bryon392 Mann644,M,GENERAL PRACTICE,133 OLD ROAD TO 9 ACRE COR,WESTFORD,MA,018863198,42.5792583,-71.4378411,793,0
5d99a521-9d74-3913-9344-0cbab37f91e8,479427f6-9419-3eba-b2c2-b037b4b89493,Karlene380 O'Keefe54,F,GENERAL PRACTICE,180 GEORGE WASHINGTON BLVD,HULL,MA,020453069,42.2630377,-70.8606109,30,0
1bf2a568-0633-38ab-8f36-a3d10f17d529,98bf9e06-f827-310f-8022-35ee33686f76,Edward499 Torp761,M,GENERAL PRACTICE,204 PROCTOR AVE,REVERE,MA,021514923,42.41420445,-71.0184707933218,1,0
f2d5da3c-ba46-3f79-898c-6109355391d7,4932efc0-a23f-3f57-803e-554caa6ae7a8,Nathalie366 Nitzsche158,F,GENERAL PRACTICE,2446 HIGHLAND AVE,FALL RIVER,MA,027204504,41.73521465,-71.12778915697172,1,0
578b15c7-3290-364f-b36b-be6bdce28151,37cba62c-ea42-3930-a1e1-7a285ace4b8a,Sang383 Flatley871,F,GENERAL PRACTICE,58 PRINCETON RD,MALDEN,MA,021484411,42.4367715,-71.05428049538298,13,0
9cc1c4a2-2a9c-3157-8dcc-d467e2123db1,db106514-f254-3402-b6a4-6d210c78c7e2,Morris740 Runolfsdottir785,M,GENERAL PRACTICE,211 FRANKLIN STREET,QUINCY,MA,021697833,42.23691085,-71.00237199954586,21,0
2016b31c-152b-3cc8-917c-1ab3ce7fe555,ee7fab6f-6438-394f-b1f2-3e452f8f055a,Trey250 Satterfield305,M,GENERAL PRACTICE,75 BRIMBAL AVENUE,BEVERLY,MA,019156009,42.570099299999995,-70.87108224250409,66,0
46fd33fe-47f5-30dc-a142-ef27302de461,79508e39-d0b0-3613-9d54-168f6e1c3a18,Antonette454 Tromp100,F,GENERAL PRACTICE,200 GROTON ROAD,GROTON,MA,014502056,42.577352149999996,-71.57414587343038,920,0
d6ebbd01-2ff1-3429-b3c0-53971600162f,1ce0d1a3-b507-3ad1-afc5-b25bfe48b8dc,Margarito178 Welch179,M,GENERAL PRACTICE,10 PEARL STREET,STOUGHTON,MA,020722364,42.125716800000006,-71.1025481568314,15,0
5453ca7d-2698-311e-817f-1947832b197d,922d1031-d968-39c2-b73c-d5a495c39068,Carlena776 Steuber698,F,GENERAL PRACTICE,350 LINCOLN ST STE 1102,HINGHAM,MA,020432801,42.248735,-70.9209846,111,0
338c7777-3e05-3741-a49a-89ed7fa81fd4,880fad59-9c38-3a21-a39f-ccc801502ab3,Halina47 Pollich983,F,GENERAL PRACTICE,799 CONCORD AVENUE,CAMBRIDGE,MA,021381048,42.390849395521705,-71.1556550001627,13,0
1ea6590c-fc1f-3bd6-8863-2f3bd1ebd0f8,352f2e3b-0708-3eb4-9f7e-e73a685bf379,Araceli695 Willms744,F,GENERAL PRACTICE,157 UNION ST,SOUTHBOROUGH,MA,017721215,42.3056501,-71.5245087,39,0
3e5994c6-e968-335f-92b9-2640020f1623,49fa72da-905b-3258-b22a-06e007c74c81,Hung902 Weissnat378,M,GENERAL PRACTICE,30 CAPITAL DR STE A,WESTFIELD,MA,010851832,42.1390327,-72.7584859,5,0
f11b00b8-9533-38b2-8d10-3dd86aa6b2a0,34f7bdc0-0550-333e-a53f-5e2af5a6d4ec,Mable471 Kreiger457,F,GENERAL PRACTICE,212 S MEADOW RD UNIT 5C,PLYMOUTH,MA,023605450,41.9426657,-70.7618592,42,0
8a5d518b-06e9-39d9-9fc0-63e34fcf7f34,e34d8448-8b98-3f91-9fe7-faeb8a78e1db,Gordon377 Monahan736,M,GENERAL PRACTICE,NEW ENGLAND SINAI HOSPITAL,MILTON,MA,021862377,42.2501425,-71.065573,60,0
da1717e1-5147-355c-9c02-44bb2c7ddb1b,a2d45ee8-b930-3169-b612-f602961ad212,Valentine262 Leannon79,M,GENERAL PRACTICE,37 MINUTEMAN WAY,SHREWSBURY,MA,015452229,42.288207,-71.73443816915585,46,0
f67a71b8-5349-3cdd-b32e-3d018da0ea87,0fa1cab9-83c1-3c85-b7bc-53d8b922e2f7,Rod343 Frami345,M,GENERAL PRACTICE,115 LINCOLN STREET,WORCESTER,MA,016081216,42.2768165,-71.795274,115,0
dc30c132-7bad-36cf-a609-d4ce5963838f,817f4acb-0184-3146-9ce0-87197d8f115a,Maynard46 Buckridge80,M,GENERAL PRACTICE,30 NEWCROSSING RD STE 301,READING,MA,01867,42.51809619399502,-71.0959083715027,196,0
ed14bc18-b914-3189-935a-c572208e27e5,4887dc20-9ef6-3cc2-9c56-858388049a50,Kimberlie352 Kertzmann286,F,GENERAL PRACTICE,168 WEST CENTRAL STREET,NATICK,MA,017604122,42.282113100000004,-71.37898579435048,7,0
28e47638-7541-3c02-b062-4cd571ddc098,10ffe7b1-2f94-3f12-9288-679da05a1ec9,Brendan864 Hintz995,M,GENERAL PRACTICE,133 LITTLETON RD,WESTFORD,MA,01886,42.57056335,-71.41736646422413,114,0
f0c43892-c9cc-3561-8fda-a7b7fa1276e3,4fa643ae-1f58-3c2e-9f33-0ba56345ad10,Sharyl439 Williamson769,F,GENERAL PRACTICE,361 MAIN ST,WAREHAM,MA,025712153,41.761384899999996,-70.71911431737183,97,0
ee9bff4a-85eb-33ca-b055-f6d9607fa386,e98ef46c-e94c-34bc-9cf5-134d8ddcbac5,Jamey282 Olson653,M,GENERAL PRACTICE,10 EMORY ST,ATTLEBORO,MA,027033002,41.9447388,-71.27972821642685,1,0
4892056d-c8fd-3b41-b914-d0c3868e8209,fa34d205-5ac2-3ba2-80a4-bef345dc57f5,Alfonso758 Muñiz642,M,GENERAL PRACTICE,37 BROADWAY,ARLINGTON,MA,024745552,42.408086,-71.135914,1,0
26a75ccc-5356-3b80-985a-1a9892b89105,a73a3693-57ac-367e-b29e-f0f834cbaf66,Mariano761 Duarte203,M,GENERAL PRACTICE,10 CORDAGE PARK CIR,PLYMOUTH,MA,023607318,41.9788991,-70.6879608,43,0
e90c71fd-b042-38a2-ac65-e3968e348ded,e6d63525-40f0-3391-a58a-e6a03598911f,Arron144 Kassulke119,M,GENERAL PRACTICE,400 STANLEY ST,FALL RIVER,MA,027206009,41.7148511,-71.13527009152534,123,0
df4eab6d-7f1a-359d-a093-2354c8ee5071,fb4a08b8-57ee-382b-b3cb-43d94f1bb4c0,Theo630 Hammes673,F,GENERAL PRACTICE,1010 SOUTH MAIN STREET,FALL RIVER,MA,027242855,41.690775450000004,-71.16515282264554,70,0
93603691-b27d-3fe7-98e8-4cc9fe695e4a,2b97893e-dc50-378b-a266-f089b8450329,Magdalena964 Torphy630,F,GENERAL PRACTICE,250 MOUNT VERNON ST,DORCHESTER,MA,021253120,42.3194571,-71.04610844302991,271,0
c871703b-02a6-3e94-b169-377bae0e69ad,d0894f6b-78d7-338d-82ad-b63de4d40014,Dewayne363 Lemke654,M,GENERAL PRACTICE,330 MOUNT AUBURN STREET,WALTHAM,MA,02452,42.3756401,-71.2358004,21,0
5855ced5-3155-3a8d-87a4-e065d9962726,310d02fb-ba0c-3b5a-9ab3-8d7bb8e7b661,Felica690 Farrell962,F,GENERAL PRACTICE,709 WASHINGTON STREET,CANTON,MA,02021,42.1561851,-71.1452049,132,0
118d99bd-67b8-3767-9e68-a73f05e82ea9,5d1b509e-a048-357f-807e-6b863006e337,Lorenzo669 Parra592,M,GENERAL PRACTICE,65 WALNUT ST,WELLESLEY HILLS,MA,024812118,42.3213892,-71.2586343,47,0
1d4534dd-5960-3c42-9887-b2db7bbb6e70,3d5fbf38-c781-3e04-8c7e-5a402611b7d4,Vito638 Barton704,M,GENERAL PRACTICE,260 ELM ST,SOMERVILLE,MA,021442951,42.3955992,-71.1227391,530,0
acea2577-7dc6-3998-bb33-954dfb446b63,d6b03647-983f-3162-af9e-b12aea026f13,Son314 MacGyver246,M,GENERAL PRACTICE,65 NEWBURYPORT TPKE,NEWBURY,MA,019501199,42.7891081,-70.87774011339009,108,0
0aa0d84b-1b6b-3284-bfa8-3459eceb7dfb,f43f97f2-af04-3ed0-a42e-3681718cc9b2,Dorcas534 Quigley282,F,GENERAL PRACTICE,725 NORTH ST,PITTSFIELD,MA,012014109,42.4600752,-73.2492795834909,196,0
3d27c6ca-3ded-3dbc-9b42-8a5b1ef5b8e8,fd5342f0-10c0-3f48-9c7e-7100a64db139,Robby860 Abshire638,M,GENERAL PRACTICE,30 PRINCETON BOULEVARD,LOWELL,MA,018512405,42.6353691,-71.3322833,6,0
88a38461-e705-3489-958f-9cb2ec596476,e119dcbb-0c33-3ec1-bf97-5f477799e5cb,Karey608 Kerluke267,F,GENERAL PRACTICE,312 MILLBURY AVENUE,MILLBURY,MA,015273622,42.22515325,-71.75735371350069,2,0
57d070a1-2624-3093-b395-ebd27de659da,9ed61c49-1d0c-3774-b528-d75b50938fe2,See995 Stoltenberg489,F,GENERAL PRACTICE,110 West Squantum Street,Quincy,MA,02169,42.272617,-71.03133,1054,0
04ad7f92-77c9-3114-b46a-f48c13aa139f,7ac466c6-7968-33fd-882c-6d5418f88c8a,Alvin56 Hayes766,M,GENERAL PRACTICE,2 MEETING HOUSE RD,CHELMSFORD,MA,018242700,42.60140085,-71.35097894451894,272,0
b762425c-2665-34fe-a627-7f4fa16e1b3d,2f67494e-f17e-3248-ba68-3ca42913cca1,Majorie11 Bergstrom287,F,GENERAL PRACTICE,184 MAIN STREET,FAIRHAVEN,MA,027193259,41.646106,-70.90865208079187,47,0
23356b53-0a0a-3be0-9e72-a340492847a9,0d19a52f-6f9b-32aa-9aad-6b7027cc668e,Indira327 Mills423,F,GENERAL PRACTICE,7 SANDISFIELD ROAD BOX 216,SANDISFIELD,MA,012559621,42.1131485,-73.1299243,3,0
9d149e8a-e6c3-3288-bad4-4cd9832a799b,326bc5bc-8da8-3337-a76a-7d44202dae3d,Charley358 Hermiston71,M,GENERAL PRACTICE,184 SWANTON ST,WINCHESTER,MA,018901921,42.4606573,-71.13806547771736,1,0
76adeade-f373-38cf-98da-edeacb307ace,88975fd9-b47e-3af6-af78-c58e1ecf0d5e,Barry322 Feil794,M,GENERAL PRACTICE,115 W SILVER ST,WESTFIELD,MA,010853628,42.1178811,-72.75935246865802,70,0
e17615e6-fb9d-3eee-9e15-4fea4bf750ee,15c0c270-968e-3651-8afe-e162149e5e3e,Vida128 Kohler843,F,GENERAL PRACTICE,10 George Street  Gateway Center,Lowell,MA,01852,42.642513,-71.3062,823,0
123ba5e8-9f21-3b5e-a60e-516969396831,46e66051-c061-3c31-b439-1d71df92db1c,Damion480 Denesik803,M,GENERAL PRACTICE,11 NORTH ST,STONEHAM,MA,021801040,42.50329135,-71.10023035268328,1,0
a2d73653-5ae8-36e5-9ec5-f2fba3b80284,52efa2e5-007f-3396-a83a-28ca015f0595,Walton167 Turner526,M,GENERAL PRACTICE,20 N PARK AVE STE 2200A,PLYMOUTH,MA,023604090,41.960434631488596,-70.67007876763536,86,0
3e383931-425d-37e0-ab22-2bbdb1943a9f,eb7b9a53-ce15-3de6-85b9-4aa4e3f26bac,Mayte822 Alba338,F,GENERAL PRACTICE,194 BOARDMAN ST,HAVERHILL,MA,018306405,42.77171213955692,-71.05879730251671,1,0
c78e92f2-745c-30b0-bd7c-6b87db05c035,19439108-9835-38fe-8ee2-1226a355cfba,Georgeann302 Kunze215,F,GENERAL PRACTICE,694 WORCESTER RD,WELLESLEY,MA,024822837,42.2964859,-71.2925571,4,0
9514cb9a-6b2e-3d2d-b8e2-55256bc03075,edd58f69-ad5f-346b-b1f9-530ccdc895f6,Shawn523 Padberg411,F,GENERAL PRACTICE,52 CARPENTER ST,ATTLEBORO,MA,027032472,41.9369576,-71.27996091755344,195,0
42d7b88e-5988-3283-995e-0c959a4309f5,94ac48ba-e215-3ab9-ba88-a0b926d29cef,Barton704 Hahn503,M,GENERAL PRACTICE,300 WINTHROP STREET,MEDFORD,MA,021552311,42.421527,-71.11834,46,0
1b30d973-0170-3065-86e7-cc2c3e6ccc90,0334ad53-5d57-384e-a411-63b075139c06,Stephen891 Stamm704,F,GENERAL PRACTICE,66 CENTRAL STREET,EAST BRIDGEWATER,MA,023331913,42.03160525,-70.9572577506426,5,0
f7918ac0-434e-30fd-890d-2f48b1ccea92,069b90f9-309b-35e4-b990-d1dbacb962cc,Leo278 Strosin214,F,GENERAL PRACTICE,36 LOWER WESTFIELD ROAD,HOLYOKE,MA,010402749,42.16975305,-72.63488031242107,72,0
1bc17150-5a7e-3ce8-a8e3-3516a11c4bdf,b3f4de6b-901d-3856-ba81-35dc48a63d17,Darren774 Cronin387,M,GENERAL PRACTICE,451 ANDOVER ST STE 205,NORTH ANDOVER,MA,018455079,42.6734518,-71.1268776,4,0
e7f4b9b0-f0cc-330f-b118-f60d9cbd8b07,4ba48ef6-19f2-3177-bfaf-096daaebf26a,Katerine813 Wunsch504,F,GENERAL PRACTICE,275 TURNPIKE ST,BRAINTREE,MA,021845328,42.2064195,-71.005067,33,0
68620cee-7256-38de-8efb-1040f00a610c,e5ce3b83-f5e6-308d-aa64-82539fc2d906,Kyong970 Dach178,F,GENERAL PRACTICE,1842 BEACON ST,BROOKLINE,MA,024451922,42.33728028715071,-71.14536064081996,2,0
6452140b-18c4-3edc-8253-1bde46e423ff,8ce066ae-10ad-3679-9272-387e8cb21947,Bettye671 Tromp100,F,GENERAL PRACTICE,3 CHERRY ST,NEWBURYPORT,MA,019503928,42.80038345,-70.87664535540449,60,0
59e4cdc8-dd10-311c-a428-9c5be219661c,f438b8e0-d856-328a-b193-2b014fc4cb97,Tyron580 Reinger292,M,GENERAL PRACTICE,981 VARNUM AVENUE,LOWELL,MA,018541913,42.64591185,-71.36487149058269,26,0
442d3127-de8c-313c-888c-095ee313d4f2,a2047ff6-62f2-34d7-beb9-7e164d989c75,Emma804 Larkin917,F,GENERAL PRACTICE,1200 CENTRE STREET,ROSLINDALE,MA,021311011,42.29768,-71.130463,22,0
f95b6c73-d953-3edc-8dab-7473c20f1763,936ceb96-2b12-371f-aa68-ee02a9c06f4c,Eddie505 Keeling57,F,GENERAL PRACTICE,225 BOSTON ST,LYNN,MA,019043124,42.470497449999996,-70.96003668151566,308,0
c2389fb8-25ec-3c38-9c42-610039b524cf,a855314b-4fb5-37fc-8015-5caa96c928b1,Erica194 Kiehn525,F,GENERAL PRACTICE,759 CHESTNUT ST,SPRINGFIELD,MA,011991001,42.121522049999996,-72.60300615153007,348,0
b4cc7934-6b32-3998-8aff-f03629429abf,0a8a4b11-d0b8-3cd2-92cd-983de5189cfa,Del587 Nicolas769,M,GENERAL PRACTICE,111 BIRCH STREET,LYNN,MA,019021574,42.47859105,-70.93458444045801,67,0
5e5b2ea7-7454-334e-ab07-301a966853df,cabc0f0d-dcca-34a2-bc6b-519ed1cc7f74,Elicia233 Huels583,F,GENERAL PRACTICE,191 MERRIMACK ST STE 712,HAVERHILL,MA,018306199,42.7742236,-71.08181133783422,112,0
d5c41a2a-22db-3f43-8b03-1860a6211019,bea92616-0fee-39b9-9a23-42c6fd899f35,Ignacio928 Beier427,M,GENERAL PRACTICE,10 ERLIN TERRACE,TEWKSBURY,MA,018762666,42.61292480142526,-71.24215126690858,5,0
ba46d328-98c3-3b20-9487-671a675aa19a,335fe080-43f9-3219-84bd-031c4fcfe9d5,Nikki942 Hilll811,F,GENERAL PRACTICE,146 PARK AVE,ARLINGTON,MA,024765829,42.421350950000004,-71.18224816367342,1,0
860c6199-c55f-3138-b5fb-cc15528d3557,7b7ce654-a413-37d1-9d34-97240c0ac580,Landon622 Kihn564,M,GENERAL PRACTICE,1 WRENTHAM ST,BELLINGHAM,MA,020192532,42.025037350000005,-71.48945118224057,32,0
4cba149c-cb43-34b1-b2d7-11c9d51756cc,929528f5-8239-36c7-aacb-39424ede9cc5,Enola75 Schinner682,F,GENERAL PRACTICE,40 SUNSET AVENUE,LENOX,MA,012402018,42.35951405,-73.28778674276077,6,0
4ea77b33-a3c1-3387-b031-28e7b7fbd432,f1c6e386-ed52-3f97-a2b0-4e21ad2d0966,Frederick289 Bins636,M,GENERAL PRACTICE,54 COURT ST,TAUNTON,MA,027803201,41.9028629,-71.09718927122583,133,0
1843375f-47d7-39cb-a74b-1aa539aedd55,7b20d1c4-c56b-3647-801c-5e4e13679073,Mozell819 Prohaska837,F,GENERAL PRACTICE,275 SANDWICH ST,PLYMOUTH,MA,023602183,41.94186605,-70.6455366462985,830,0
65d6f50d-15cb-36bc-949f-ca8cd826db41,880c8804-deb0-35b0-9132-06950118b8b3,Elijah719 Flatley871,M,GENERAL PRACTICE,150 LINCOLN STREET,NEEDHAM,MA,024922914,42.2743931,-71.23662905222776,5,0
68988186-d3c3-3d11-a495-bf3f613d261c,281525ef-5743-34a8-9339-66c8b4be6668,Dane516 Crona259,M,GENERAL PRACTICE,555 PLANTATION STREET,WORCESTER,MA,016052376,42.2907683,-71.7649752,4,0
ef510271-dc54-3ccf-ab83-2ae74c4215e5,2399f9b0-28d7-3355-ae52-474326a3b021,Viki353 Boehm581,F,GENERAL PRACTICE,23 N ASHLAND ST,WORCESTER,MA,016093041,42.26901755,-71.80739730766234,28,0
4d5d1b08-6e51-3685-bab6-97edb99a6b8a,3e97ce4f-3ad7-3cea-883f-e2bb4ca89d83,José3 Cedillo160,M,GENERAL PRACTICE,30 NEW CROSSING RD,READING,MA,018673270,42.51809619399502,-71.0959083715027,203,0
c491f453-874c-30fd-8f47-1b6c9674dc49,e982819a-87b3-3124-a0f2-85f8afcc7731,Alfred550 Goldner995,M,GENERAL PRACTICE,140 COMMONWEALTH AVE STE 202,DANVERS,MA,019233625,42.5524742,-70.94443165548033,29,0
e1eccaa0-d58f-37e9-8103-ab0f5367ddc4,c60fc3df-9dbd-3f31-a456-41c84490266f,Lavonna163 Johnson679,F,GENERAL PRACTICE,146 MAC ARTHUR BOULEVARD,BOURNE,MA,025323902,41.7412166,-70.5989196,5,0
bbf6e94a-9b07-37dd-a7c4-9a50780befaf,46daa26f-fda5-38a9-9c45-fda430d28fa6,Trenton748 Bernier607,M,GENERAL PRACTICE,25 RAILROAD SQUARE  SUITE 501,HAVERHILL,MA,018325721,42.7736752,-71.08561759491305,73,0
b3f81fbc-d064-3970-9274-01571d3c345d,c0132cf6-1703-3aad-89b4-cc2f2bbc123e,Neville893 Schoen8,M,GENERAL PRACTICE,66 NEWTON STREET,WALTHAM,MA,024536058,42.3746705,-71.22789736306842,1,0
f3f91234-74d8-3363-8a0f-1f808ef7878f,71d9e7fe-5a34-3f11-8edb-f79c482785fe,Liane379 Kunze215,F,GENERAL PRACTICE,42 CAPE RD,MILFORD,MA,017573292,42.1274477,-71.5195252,85,0
1d5440e5-a89c-3a78-959c-145f0698385e,4f59f709-8b84-3d27-a04b-c6b7b5544413,Barbara209 Aranda843,F,GENERAL PRACTICE,70 BOLTWOOD WALK,AMHERST,MA,010022271,42.3768779,-72.51840280783739,432,0
55591e4a-a5c7-310e-9533-eb59024c4464,c4e5b33c-17b8-3f51-a8ba-a327d54e642a,Alton320 Dibbert990,M,GENERAL PRACTICE,94 N ELM ST,WESTFIELD,MA,010852917,42.1322823,-72.7436679,153,0
d5f811b1-9770-3f25-9034-dcf7770830da,36d328a2-68bb-3967-a9bf-00897a7c945f,Benito209 Ceballos171,M,GENERAL PRACTICE,299 WAREHAM STREET,MIDDLEBORO,MA,023462905,41.869676,-70.873384,10,0
e838b2c7-3dc6-34ca-9daa-e06a9de044da,5225cc87-6a30-303c-a882-5f001cee7f0e,Ila598 Boyer713,F,GENERAL PRACTICE,110 W SQUANTUM ST,QUINCY,MA,021712122,42.27259075,-71.03082765,33,0
75fbeb64-19e8-3460-91c4-fab7b3907e52,6d6ef57e-b2ce-3a69-bacf-4305c51834b0,Lesha323 Skiles927,F,GENERAL PRACTICE,186 HIGHLAND AVE,SOMERVILLE,MA,021431507,42.38845955,-71.10666839512322,6,0
3e21e785-f028-3ab3-b5e5-3edb055179af,552ede7f-2ba4-39ef-9217-29d27b89b8a7,Gordon377 Reichert620,M,GENERAL PRACTICE,87 SHATTUCK STREET,HAVERHILL,MA,018302319,42.796917699999995,-71.05216081525802,13,0
2e8428e2-b2e5-3cd7-9838-b8c9df7bbe66,79d49935-bcc0-36ca-920b-45365c367438,Jamel269 Hudson301,M,GENERAL PRACTICE,409 W BROADWAY,SOUTH BOSTON,MA,021272245,42.336831,-71.047958,417,0
afe18c4e-1fdf-3b02-83b5-1781355404b8,0f2c58ec-5323-3c0f-9bdf-af0df7eb2a2b,Owen89 Boehm581,M,GENERAL PRACTICE,130 DORCHESTER STREET,SOUTH BOSTON,MA,021272642,42.3334312,-71.0494949,61,0
b465a600-2ffe-3bff-ac4e-d92201eac63a,666c3e81-2ec6-3bff-9dcc-a704edd86960,Cassi819 McClure239,F,GENERAL PRACTICE,770 CONVERSE STREET,LONGMEADOW,MA,011061719,42.0639853,-72.5521444,7,0
983d4046-eb10-3031-9aea-d7df36cdb245,680532c8-2661-3b39-875a-b6ec0746ccf5,Buford910 Dach178,M,GENERAL PRACTICE,30 ATHOL ST,ALLSTON,MA,021341124,42.36075595,-71.13397379082869,23,0
c91728cb-c873-3dc0-9b09-8ec5d3210a67,cc400ddc-c38d-3604-8d89-cea21555719f,Irene779 Kirlin939,F,GENERAL PRACTICE,87 CHESTNUT ST,NATICK,MA,017603644,42.293559188306446,-71.35158050924959,17,0
098fb1bf-1b0b-33ce-bbb4-a5cbff782180,51370692-6296-3150-8672-559fc73f964f,Jeromy156 Okuneva707,M,GENERAL PRACTICE,75 FRANCIS ST,WEST BRIDGEWATER,MA,023791542,42.0219112,-71.019004,244,0
8e553edd-1d01-328f-b52a-090640821021,10dcd91e-6eda-385b-bafb-d5e1ae92dc34,Adolfo777 Abernathy524,M,GENERAL PRACTICE,677 W MAIN ST,HYANNIS,MA,026013493,41.652312699999996,-70.32027525205335,51,0
bf35d328-a5cd-3a67-be7e-f1770856242b,cdc87240-38e9-36f8-959b-706642e01e11,Vicente970 Armstrong51,M,GENERAL PRACTICE,243 CHARLES ST,STONEHAM,MA,021803559,42.4814675,-71.0924311,35,0
a7344bd9-3d64-3dd2-aa27-cda8988096cf,c6b019eb-28ec-36f6-abf3-bcc4d1d58966,Maren639 Aufderhar910,F,GENERAL PRACTICE,33 AVON ST,WAKEFIELD,MA,018802310,42.50403445,-71.07462951514611,92,0
c32676b0-db24-33ad-a2c3-a9f2d8b17145,b5b380d2-df21-3389-abf0-08551c7e1f2d,Ricardo560 Lara964,M,GENERAL PRACTICE,85 PATTON RD,DEVENS,MA,014344401,42.5304204,-71.61505519305638,96,0
62a0c28c-3aad-3a82-b837-b40a3391135a,7f2ffa4e-e192-3b51-b5ca-81bbf077f160,Damian46 Krajcik437,M,GENERAL PRACTICE,601 SHERMAN ST,CANTON,MA,020212025,42.1635341,-71.15024107129324,1,0
4737baeb-a29c-39ad-ae27-f2c5d7b4721e,06376cbe-4880-384b-b459-7ce3eef36ced,Lynwood354 Ratke343,M,GENERAL PRACTICE,387 QUARRY ST,FALL RIVER,MA,027231026,41.6932713,-71.1402431739568,473,0
f08a0dcb-46f1-3a47-ba5b-dd0ae688dd25,b3312a2d-37e9-35a8-b50d-6c165c437baa,Eliseo499 Reinger292,M,GENERAL PRACTICE,45 DIMOCK ST,ROXBURY,MA,021191029,42.32030665,-71.09721114916246,102,0
6b40af19-28e5-3051-b9c0-c76e9f79acb8,2836d9ac-c6a6-39d1-8f13-fdf0fc8928f4,Carlton317 Koch169,M,GENERAL PRACTICE,365 EAST ST,TEWKSBURY,MA,018761950,42.6069472,-71.2180803,1496,0
edbe66b0-cd67-3da1-858e-7c21d25ced7b,a2f8d8fe-665e-390f-8b9b-efdc0b14a77c,Pearlene638 Towne435,F,GENERAL PRACTICE,161 JACKSON ST,LOWELL,MA,018522103,42.6425382,-71.3093946,14,0
20114728-8ae6-3798-a73b-5041bae0d4ec,82c72223-f521-3a34-9b9b-4ff366365399,Margaret865 Reinger292,F,GENERAL PRACTICE,2100 DORCHESTER AVENUE,QUINCY,MA,021691870,42.2509914,-71.0037374,511,0
f751027b-0898-3bbf-bb86-068ab20956ce,470e2fc6-33df-31c6-a448-ac918dcc19d9,Tonita173 Swaniawski813,F,GENERAL PRACTICE,34 MAIN ST,HAMPDEN,MA,010369642,42.1226047,-72.2062130792683,2,0
2757a4ad-dd4f-3120-a43b-7fa1239fbf8c,15e26ce3-9006-3ce2-9327-493180a15ec1,Marlin805 Breitenberg711,M,GENERAL PRACTICE,6 GROVE ST,NORWELL,MA,020611534,42.172231693916025,-70.87836493029226,59,0
88d2690e-0496-3ec6-9704-fc7c7b595a19,b5e6f1bd-c744-3556-9775-5ff8399eea33,Hedwig986 Wiza601,F,GENERAL PRACTICE,2284 MAIN ST,CONCORD,MA,017423829,42.44300895,-71.42458458423982,32,0
e1731167-c80d-31b4-a7c6-aa176d6542a5,423ee6a6-6928-3a01-a49d-9687361747a4,Kelley882 Yost751,M,GENERAL PRACTICE,7 LORING HILLS AVE,SALEM,MA,019704267,42.48646565,-70.90338797731044,3,0
4055f919-36b6-39dc-a2c7-ae7c7c77f704,7c625dc4-2593-31eb-95fd-6a912832b8bb,Imogene688 Braun514,F,GENERAL PRACTICE,980 WASHINGTON STREET  SUITE 124,DEDHAM,MA,020266704,42.228918,-71.18501264023513,15,0
76f30424-eb04-34b2-b65b-6ab25acfa1ef,f22bc2ac-f8bd-3f9f-9a40-93db37639d3f,Glennis930 Erdman779,F,GENERAL PRACTICE,735 ATTUCKS LN,HYANNIS,MA,026011867,41.6747631,-70.29768515601289,43,0
4dcc123f-b9c1-3ee7-950b-50504cd7278e,04b252db-4231-3cb5-963d-6f096fb4b97c,Horace32 Grady603,M,GENERAL PRACTICE,1177 PROVIDENCE HIGHWAY,NORWOOD,MA,020625019,42.194543,-71.1994976,128,0
53ad3fc8-e87b-3a40-a985-c14220c1c7bf,83579123-f29c-39b8-9f5f-8f79e91683c7,Hong136 Kassulke119,F,GENERAL PRACTICE,100 CENTURY DR,WORCESTER,MA,016061244,42.3138278,-71.7707002,42,0
e7935fa6-0705-391c-b7fc-37a47d72565d,a94f4f6e-88ad-39ff-a935-dc87f13327b1,Carlos172 Wiza601,M,GENERAL PRACTICE,370 WEST STREET,LEOMINSTER,MA,014532073,42.535877150000005,-71.77537115047085,1,0
31550adf-bad8-30d5-a3b3-cc8cdddfd157,94f6a3ae-7d8d-3cbc-a788-e400732da7e5,Ramiro608 Ramón841,M,GENERAL PRACTICE,450 WEST RIVER ST,ORANGE,MA,013649603,42.5928702,-72.32953998953418,22,0
0b01170f-1bbe-353b-8106-a3a1f8c288b6,adf66683-c158-3efa-8e6c-7b2a273aa4ba,Eden920 Lebsack687,F,GENERAL PRACTICE,15 MILL ST,MARION,MA,027381546,41.71414569747417,-70.7725958636297,1,0
41e92d28-9bff-34af-93b4-5431540402ed,e2eab39c-5195-34aa-b35f-e89e37cfed01,Miguel815 Roberts511,M,GENERAL PRACTICE,55 FOGG ROAD,WEYMOUTH,MA,021893141,42.175539799999996,-70.9539153674405,324,0
9ae5760a-9dbc-3f2a-9136-684ff7be44d6,4fa8411f-42f8-3353-8947-bf15254c9dee,Jess275 Gutmann970,M,GENERAL PRACTICE,90 GREENWOOD STREET,WAKEFIELD,MA,018804039,42.476321150000004,-71.06922169005762,43,0
d8791e10-88b8-38d6-9012-e7de7d94a3fb,21989e2e-249c-3b79-acf0-240211e16b4b,Hung902 Ullrich385,M,GENERAL PRACTICE,1290 TREMONT ST,ROXBURY,MA,021203432,42.3327398,-71.09194864251029,40,0
95914281-5e9d-3767-ae04-92b35e52d70f,1de7e7d9-9a7a-3a3f-bf4c-b4de450711f2,Vince741 Morissette863,M,GENERAL PRACTICE,198 LITTLETON RD,WESTFORD,MA,018863429,42.564282,-71.42620615382347,38,0
313713d0-4bb0-336c-bed2-1ab033f38ba1,940d491c-ad61-3bd3-9054-d6d884280934,Jerónimo599 Solano766,M,GENERAL PRACTICE,321 CENTRE STREET,DORCHESTER,MA,021221112,42.29394375,-71.06005213312326,1,0
6dfbfed2-4adf-371f-bd97-d633ec78aff6,68503514-203a-3202-ac09-ea411c96caec,Teodoro374 Kovacek682,M,GENERAL PRACTICE,309 TEATICKET HWY,TEATICKET,MA,025365625,41.568302200000005,-70.59404025373951,106,0
97b89561-1a4d-3c00-8b9e-a5fb8c8072ee,f52777bd-7313-3b27-8dd5-cd3f87bd3275,Larraine124 Torphy630,F,GENERAL PRACTICE,9 HOPE AVE,WESTWOOD,MA,020902914,42.2139873,-71.2244987,133,0
bca4ef80-cbca-320c-bbac-cf2b6f7335c5,05cc5056-7af4-3afb-9a5a-d7a1c23a2509,Lauryn321 Lehner980,F,GENERAL PRACTICE,2069 ROOSEVELT AVENUE,WEST SPRINGFIELD,MA,010892595,42.105237,-72.6213712,7,0
99b048d8-3653-3e70-b0c9-450f324156ae,4705a8fd-19cd-32c1-8b3e-34bcfe84d0bd,Wynell591 Mayert710,F,GENERAL PRACTICE,55 N WASHINGTON ST,NORTH ATTLEBORO,MA,027601607,41.983529,-71.332241,268,0
9f240461-5d0c-3adc-9720-a0a2519000a6,497f39dd-280e-3d58-af5b-c5e3a3a09b10,Randy380 Bergstrom287,F,GENERAL PRACTICE,27 PARK ST,HYANNIS,MA,026015230,41.65363635,-70.27352219234834,1278,0
72044136-07d5-37de-906e-08aa6ee362da,f2a6c4f7-f5b2-361a-95c4-3d635b352a46,Dusty207 Lynch190,F,GENERAL PRACTICE,546 SOUTH STREET EAST,RAYNHAM,MA,027671079,41.8984957,-71.03751432894776,23,0
ee4badd6-9bd3-3784-874b-232fde33cdae,eaaf102d-0188-3a69-a751-030645e2a7b0,Errol226 Kiehn525,M,GENERAL PRACTICE,605 MAIN STREET,WAREHAM,MA,025711031,41.76766153042966,-70.73096212925822,12,0
e5e84e38-6b31-3ae1-8ccd-405f6915a94a,578b56de-fe9c-32e1-aea4-876f8bc01e9c,Agnes294 Dooley940,F,GENERAL PRACTICE,49 HILLSIDE STREET,FALL RIVER,MA,027205211,41.707406500000005,-71.14593659462452,998,0
6518634d-7de5-3230-bf8c-fef4d7eac324,0d7fd824-1c7b-3f8b-a662-f6c2005e82e1,Arminda86 Trantow673,F,GENERAL PRACTICE,88 MASONIC HOME ROAD,CHARLTON,MA,015071394,42.1389039,-71.9782681,34,0
f8a9d9ed-f8ae-3f70-a773-8a9b82e4c66e,accb8cdd-6560-3fef-b0a6-f12c3295026a,Gerardo48 Bergstrom287,M,GENERAL PRACTICE,969 PARK STREET,ATTLEBORO,MA,027035115,41.9266899,-71.2611303145582,80,0
0dbf61bc-6ccf-37c1-b7c2-2137901bc7ab,792f1ce2-3420-3f91-bd8c-ce680ef4c5d2,Sunshine777 Leannon79,F,GENERAL PRACTICE,309 DRIFTWAY,SCITUATE,MA,020661905,42.1766448,-70.74318482072749,1,0
f4ee2ad8-7a88-3292-b9cc-269445e7c27f,6618f4ef-656a-347f-b61e-ed4d6c21763a,Marc757 Greenholt190,M,GENERAL PRACTICE,231 SUTTON ST STE 1A,NORTH ANDOVER,MA,018451620,42.70554405,-71.12856345,37,0
022a6325-d490-30dd-9310-63066603852e,7445ae34-b648-3d3a-b8cf-0eb630061b6e,Brenton674 Pagac496,M,GENERAL PRACTICE,34 CEDAR ST STE 4,WEST ROXBURY,MA,021324338,42.2792649,-71.1494972,1,0
e6076966-5340-3ffe-a836-5712b126b56c,a2df2aea-9c53-31f4-baea-02ea5ea1e553,Almeta56 Lehner980,F,GENERAL PRACTICE,95 LAUREL STREET,GREENFIELD,MA,013013106,42.58163075,-72.61795013515538,20,0
4cd6ab72-3d0a-37f1-a4de-d2333bbe7586,18a96051-91f4-3cba-af96-056ea14dfee0,Gaston250 Grimes165,M,GENERAL PRACTICE,25 HIGHLAND AVENUE,NEWBURYPORT,MA,019503872,42.81369325,-70.89091645747592,587,0
5b54a395-da58-3a81-ba7a-0432b09615a7,c2e93fb4-abf2-3210-b6ec-4d1ecb2b76f0,Kyle55 Halvorson124,M,GENERAL PRACTICE,62 BROWN ST,HAVERHILL,MA,01830,42.76512700000001,-71.04617174286321,46,0
85918b45-5939-39f8-8b34-dc78fc51bf2f,1ab2b5f9-cb95-3236-beec-9b9d4a407c61,Latoria810 Eichmann909,F,GENERAL PRACTICE,725 NORTH ST,PITTSFIELD,MA,012014109,42.4600752,-73.2492795834909,351,0
56091448-43ec-34cf-b374-c96187fdf136,ec509895-6196-36d1-b91e-272bed7e6196,Jenae263 Veum823,F,GENERAL PRACTICE,40 ARMINGTON ST,ALLSTON,MA,021342406,42.3521617,-71.1375176,32,0
a950b84a-4b6e-3a98-971f-9e5bf7aa3000,a43fd704-ddbc-3f63-b3a0-e97c5d42ab5e,Booker670 Bogan287,M,GENERAL PRACTICE,447 HILL ST,WHITINSVILLE,MA,015881016,42.1216837,-71.6715608,1,0
531116dd-d9b5-31fa-af24-512abdb2183b,1bed5229-19d7-3168-94a2-f1f2abb00270,Allan198 Moore224,M,GENERAL PRACTICE,88 WASHINGTON ST,TAUNTON,MA,027802465,41.9062805,-71.09518121351795,58,0
1d91e4f0-9f2c-3965-9ae2-7f37ffbabd39,41e2a44c-477c-3511-96f9-12c476aa3b6a,Antwan357 Lindgren255,M,GENERAL PRACTICE,85 E NEWTON ST,BOSTON,MA,021183553,42.336277100000004,-71.07085295687423,1165,0
9519101a-ca6c-33ee-bbbf-5bb755a7cd03,f00601d0-d49e-30ed-bc3e-314379f2103e,Elijah719 White193,M,GENERAL PRACTICE,490 MAIN ST,MELROSE,MA,021763841,42.4550741,-71.0654799,68,0
e9816969-43df-3f49-8222-7f7e816acdf3,9d41e4fc-9507-3ddb-82ad-966046fca031,Ashlyn643 Lehner980,F,GENERAL PRACTICE,104 RANDOLPH ROAD,WORCESTER,MA,016062465,42.29955605000001,-71.79838133819244,4,0
aa4005de-fbe2-34c7-be4f-b6cb5b34193f,71a1e089-024e-3255-a536-9204586fa4fc,Allyson474 Doyle959,F,GENERAL PRACTICE,1 GORHAM IS,WEST YARMOUTH,MA,026733200,41.6501114,-70.2411312,3,0
1f5fda99-df9c-3bde-ac96-9b2098c000bd,5b0cd0a0-f277-3a66-bee6-d64b5be4a3f5,Maryann106 Hintz995,F,GENERAL PRACTICE,725 NORTH ST,PITTSFIELD,MA,012015493,42.4600752,-73.2492795834909,260,0
834c416f-6f04-3dca-b1d6-4eba7d86189b,edbb9e9c-3440-3b38-abfc-83a8f0b6bebc,Malik994 Huels583,M,GENERAL PRACTICE,273 OAK GROVE AVE,FALL RIVER,MA,027232315,41.70179473202871,-71.13310371798859,1,0
b3df2ac9-bc53-361f-94ea-3237e258a46f,79a06fd6-9f2b-35e3-9b11-0bc5ff89e17c,Lady554 Kovacek682,F,GENERAL PRACTICE,225 Boston Road  Suite 107,Lynn,MA,01904,42.470093,-70.95994,43,0
78160a60-0d18-3548-9ad4-b0f526bdec88,0a42bb03-b1a7-347d-82f3-4ba02080e55c,Dallas143 Friesen796,M,GENERAL PRACTICE,332 WASHINGTON STREET,WELLESLEY,MA,024816217,42.310362049999995,-71.27601802190625,40,0
7762cab1-5715-3990-8d8b-11bb2fc79881,b44955d1-f0e2-3beb-a013-708a81dbe430,Ernest565 Runte676,M,GENERAL PRACTICE,680 CENTRE ST,WEST BRIDGEWATER,MA,023791600,42.0219112,-71.019004,48,0
c1543de5-d9fe-3230-98d2-c168657a465f,363631be-d437-3548-98c2-d10b909c1721,Monty345 Ferry570,M,GENERAL PRACTICE,50 MANSION DRIVE,ROWLEY,MA,019691026,42.73718535100735,-70.88053187301136,40,0
cda449bf-b808-37da-a20a-a63e5a076e21,c0e23859-5a95-3aa0-8c3b-0143df64f507,Abraham100 Grant908,M,GENERAL PRACTICE,188 COMMONWEALTH RD,WAYLAND,MA,017785027,42.318727100000004,-71.36211489369597,1,0
126123ce-aa9a-3c2b-99a8-3d372f81ec56,c1986c0c-f756-3596-8f90-08adacf220fe,Dong972 Auer97,M,GENERAL PRACTICE,73 CHESTNUT STREET,SAUGUS,MA,019061605,42.4573919,-70.9918055,16,0
bb566fed-66bd-3919-be73-524af730e70b,ad2dab07-4f85-3950-baaa-7c7cd2aa770c,Federico589 Kuhic920,M,GENERAL PRACTICE,55 LAKE AVENUE NORTH,WORCESTER,MA,016550002,42.2774799,-71.76166994969458,177,0
a49e894e-4a3d-35c6-a4a5-bc0b3cd6e88c,18b1bb7e-2f93-3253-a7ae-d19c13ffeaa1,Derick144 Bashirian201,M,GENERAL PRACTICE,29 E 29TH ST,WEST NEWBURY,MA,019854201,42.8014795,-70.989778,82,0
b7ebc3fc-cdbe-33a1-8278-5d1523a40aff,67d2f85b-ddc7-3ed0-b90b-6fa5b7b8358a,Norah104 Jenkins714,F,GENERAL PRACTICE,43 FOUNDRY AVE,WALTHAM,MA,024538313,42.37050535,-71.21908334877376,26,0
b5465347-8112-3adc-b506-5c9434ed5deb,78eb7e47-26d6-37d4-8e01-5eabfc9d068f,Jill895 Hagenes547,F,GENERAL PRACTICE,78 BRICKYARD RD,ATHOL,MA,01331,42.58312735,-72.2583516123911,8,0
b7371d55-f2c1-3819-86ba-034869942131,1d45436f-15a9-326e-a452-2e9ffc9fc5e5,Odilia72 Mraz590,F,GENERAL PRACTICE,75 SPRINGFIELD RD,WESTFIELD,MA,010851832,42.111428849999996,-72.71189899299209,257,0
cf124f71-95b6-337b-98b6-eb3daa4c786b,a69c3469-9552-3474-9928-20350c16191b,Clyde817 Daugherty69,M,GENERAL PRACTICE,64 PERFORMANCE DR.,WEYMOUTH,MA,021893104,42.196492899999996,-70.94257445685295,1,0
e72479be-6e58-39be-ac39-6750f0433973,ce89d7ed-54eb-3eae-881a-15df8e631c47,Jamar151 Howe413,M,GENERAL PRACTICE,36 WILLIAM STREET,LEOMINSTER,MA,014533276,42.5267443,-71.7614891,34,0
11acc70d-457e-3676-8112-01945e92e425,0d9b0d22-585e-3fd8-ab02-26b5be7915d1,Duane703 Koelpin146,M,GENERAL PRACTICE,516 CAREW ST,SPRINGFIELD,MA,011042330,42.12133575,-72.59217953646302,306,0
2483c636-1c7f-329f-abb5-11e07b6651a0,e4dbbb2f-5a51-341d-b5a5-dd91b968b217,Errol226 Gaylord332,M,GENERAL PRACTICE,329 WASHINGTON ST,NORWELL,MA,020611737,42.16319935,-70.86354427737673,1,0
c15ee8b1-f798-3b8b-9dee-193a7cdb9f10,d3335d07-2a2c-35d7-9b87-c022393b6793,Nancie476 Lubowitz58,F,GENERAL PRACTICE,137 NICHOLS STREET,NORWOOD,MA,020622009,42.1930792,-71.20868232395514,1,0
b97be9ce-c69c-333c-b344-37a408017761,0d1570ab-371c-3898-9397-95905d8c5166,Santina680 Dicki44,F,GENERAL PRACTICE,750 WASHINGTON ST,BOSTON,MA,021111552,42.3499038,-71.0631836,424,0
f519f77a-ac19-39ca-a901-76a16baa05cd,1853aeef-5897-326a-80d6-aa4b0459eb6d,Kendra609 Kassulke119,F,GENERAL PRACTICE,381 WICKENDEN ST,ATTLEBORO,MA,027032247,41.9438129,-71.2806515,489,0
0439be20-c22b-3407-b03b-692ed16ed9ef,4b7e26e6-e5b1-38c9-b4ac-fde9a0f93177,Edmundo94 Eichmann909,M,GENERAL PRACTICE,38 BROAD STREET,QUINCY,MA,021694604,42.2560352,-70.99469254391217,61,0
0e73a464-9f43-3aac-a9d1-813475e35b5f,93552c27-f173-385f-8849-ee56c25f638b,Rubin812 Cummerata161,M,GENERAL PRACTICE,359 HIGH ST,GREENFIELD,MA,013012617,42.6033006,-72.58135309677492,4,0
08400f89-cc83-311f-9eea-48e292f342a1,01bb7b5c-f850-3c4e-a3f1-442d8273559a,Charley358 Effertz744,M,GENERAL PRACTICE,395 PLEASANT ST,NORTHAMPTON,MA,010603914,42.3150543,-72.62555561349089,67,0
3e32bb66-6c82-3844-a46b-8987269679cf,bdaa3017-130e-34e9-b3ac-ca6d992e8b50,Theron432 Bednar518,M,GENERAL PRACTICE,150 WATER STREET,HAVERHILL,MA,018306213,42.77508795,-71.07182802882255,43,0
a5cf940e-da88-3865-bfda-a0de0a1da8df,22fa6d28-92b6-3446-a388-f5aba50debaf,Lenard338 Robel940,M,GENERAL PRACTICE,123 CAPTAIN'S ROW,CHELSEA,MA,021504019,42.3917638,-71.0328284,11,0
6e3b8e4c-c03e-365a-b651-f3b6b4719870,8a87ef73-eaa2-340a-bec5-c3cef01ef836,Kristle148 Rodriguez71,F,GENERAL PRACTICE,3 PARK DR,WESTFORD,MA,018863511,42.556814700000004,-71.43463308318695,2,0
a369381f-3850-3404-90cb-b17a86328342,2ca615f3-87f7-3283-a447-d919a883b676,Isaias604 Dickinson688,M,GENERAL PRACTICE,1399 WASHINGTON ST,HANOVER,MA,023391653,42.1441354,-70.8440854,257,0
10270c04-c792-321a-ae25-17645b62b66e,c0a33465-d309-3d2a-932e-9d554a7cc19c,Nathanael908 Rogahn59,M,GENERAL PRACTICE,100 CENTURY DR,WORCESTER,MA,016061244,42.3138278,-71.7707002,171,0
a23a7b2e-ee30-3fe8-abf1-de9d31f66007,5e0ceaa0-5254-34c4-b5a7-ddc919790121,Jeanett771 Goodwin327,F,GENERAL PRACTICE,HOLYOKE CARE CENTER LLC,HOLYOKE,MA,010402701,42.2071434,-72.60765,1,0
8ab227df-2bf0-3573-b143-f7265bd6277d,7f32dd7d-5c35-3ddb-839b-8fbbb930d412,Luna60 Littel644,F,GENERAL PRACTICE,863 CENTRAL STREET,FRAMINGHAM,MA,017014813,42.30758060362541,-71.42846215724606,17,0
c733c0a3-1e43-3b6b-9b9d-637efeb466e2,51d38e67-9350-39b8-bbb3-91cc879ae415,Millie392 Hoppe518,F,GENERAL PRACTICE,335 NICHOLS ROAD,FITCHBURG,MA,014201932,42.598254850000004,-71.80841914533654,63,0
f17d4b8b-42fc-3ac0-98f7-72c587cddc13,80646050-1c76-3046-bbc8-fd5f0b7c34e6,Raleigh478 Hauck852,M,GENERAL PRACTICE,140 ARNHOW FARM ROAD,FITCHBURG,MA,014201369,42.5903661,-71.8119837,148,0
3a17f439-5208-3fcb-a7c9-6c50a5a60cd0,0a689d33-2b0d-3942-8de8-e28812e91c69,Clora637 Pagac496,F,GENERAL PRACTICE,47 SEAVERNS AVE # 5,BROOKLINE,MA,024463806,42.3317642,-71.1211635,28,0
4bf730b4-3050-3c3d-8c21-fec3b6f8cb1b,cac6f8b3-eafd-31b3-9fa3-8015752ccc2c,Jessie665 Pagac496,M,GENERAL PRACTICE,123 SUMMER ST,WORCESTER,MA,016081216,42.26496835,-71.79655403681465,7,0
6433996c-2803-338f-8fd3-886345680505,e02d9c87-52cb-3f3c-9f97-fe95f260c437,Elisabeth967 Hoeger474,F,GENERAL PRACTICE,321 MANLEY STREET,WEST BRIDGEWATER,MA,023791022,42.0338457,-71.05496436428572,86,0
9822edbd-d593-3cfc-93a9-af06d1febcb2,d36eba4a-0dfb-3a26-b9fe-eb74594bbe3c,Kyle55 Boyer713,M,GENERAL PRACTICE,1350 MAIN ST,WORCESTER,MA,016031550,42.2416259,-71.85047518091996,1,0
9def9272-ee18-3923-9226-f2ea6c534d8f,bb867d36-0c8d-33b4-b19c-a8c026655b6c,Arnoldo445 Macejkovic424,M,GENERAL PRACTICE,200 KENDALL ST,SPRINGFIELD,MA,011042532,42.12161175,-72.57784860231564,3,0
bee59932-9e7a-35d1-be11-72b702dd09ee,1b3fe590-8793-3f08-865d-01fc425a84d4,Fredrick998 Wintheiser220,M,GENERAL PRACTICE,1340 BOYLSTON ST,BOSTON,MA,022154302,42.34392675,-71.09888049065322,99,0
efec0d7b-9fc2-38cb-a7ed-9385904e20d9,0be0e035-8dad-387e-bbdd-a5a469c4311f,Deane47 Howe413,F,GENERAL PRACTICE,480 MAPLE ST,DANVERS,MA,019234065,42.584178050000006,-70.97197467750539,80,0
4bb0dedf-6e58-3be9-b166-eda0b97b7cd5,3f12ebb4-e03c-3453-88d2-4fc9682383df,Irina619 Stiedemann542,F,GENERAL PRACTICE,726 COUNTY ST,NORTH DARTMOUTH,MA,027473603,41.6389926,-70.9703171,65,0
8881425c-e719-30aa-8f4a-16b89d90e348,a9fc7aa5-d3b3-314d-9cf7-af29051d3dd9,Olevia458 Hermiston71,F,GENERAL PRACTICE,1193 SEA STREET,TAUNTON,MA,027803960,41.8946107,-71.11113,2,0
0a68d4a2-c468-35f4-b62d-f8181ff67f63,8ec2ca51-abb4-35dd-b90f-6c6aad6d2124,Elisha578 Conn188,M,GENERAL PRACTICE,22 JOHNSON STREET,PEABODY,MA,019602311,42.54644385,-70.99288129112277,13,0
d77e71e7-e587-38fa-9ee6-7b59afcbe91c,ea468462-3080-302e-b405-9127a396c310,Caroll955 Rowe323,F,GENERAL PRACTICE,600 CUMMINGS CTR STE 270X,WOBURN,MA,018013200,42.4792618,-71.1522766,2,0
65ee4707-3de0-3530-8286-8cac48e89286,8af3b144-0e1a-3c90-937d-81a4ed026080,Guillermo498 Fay398,M,GENERAL PRACTICE,800 WASHINGTON STREET,NORWOOD,MA,020623489,42.1886973,-71.2005241,318,0
b5c9775e-33c2-3c1f-8554-b94118654bd5,9fdce5d5-d4d0-3156-a8d5-8757bfe4e9b3,Pamelia915 Kilback373,F,GENERAL PRACTICE,1 FARMER CIR,ARLINGTON,MA,024742866,42.42405225,-71.16792616556859,60,0
e9f9be00-9033-3ae8-9146-22806ba7dd68,86f41096-d81f-3e26-b770-b26adc017d3e,Floyd420 Prohaska837,M,GENERAL PRACTICE,288 WASHINGTON STREET,QUINCY,MA,021695523,42.24983615,-70.9902487341626,15,0
8d60bf31-b851-385a-a74d-5791894722ea,a35fd733-dc1a-33f0-a308-292ff5581287,Phil587 Schaefer657,M,GENERAL PRACTICE,15 STRAW AVE,FLORENCE,MA,010621491,42.335654,-72.663286,70,0
5cad9620-38e7-3f7f-a2b2-28ca136469c8,b014aec7-7bd8-351f-8808-3e280cbc5be6,Sergio619 Volkman526,M,GENERAL PRACTICE,70 EAST ST,HAVERHILL,MA,018306700,42.7777829,-71.0767724,318,0
d0254e80-0467-3e61-bc04-3f3eadbd202c,b3b56527-d366-3353-bca9-266a12f23051,Gil594 Schroeder447,M,GENERAL PRACTICE,60 QUAKER HIGHWAY,UXBRIDGE,MA,015691628,42.06100105,-71.62352848737622,6,0
590fbee7-9e7b-3dce-89d9-37a88fc372af,f1664435-2eca-3eff-bd1a-13701e7ad1bd,Rosa195 Marks830,F,GENERAL PRACTICE,300 PASTEUR DRIVE,NEWTON,MA,024592058,42.3370414,-71.2092214,55,0
476859c5-c0ec-3e08-a659-f3fb20d23dd3,c5742266-625d-3824-9ed3-4b5c6bc3e296,Rod343 Goyette777,M,GENERAL PRACTICE,22 BRAMHALL ST,SCITUATE,MA,020664312,42.1939754,-70.7697128,15,0
7f8ced33-6f2e-3ce9-94a7-c13011c59ed8,b242f971-3c74-3778-b148-81366c1e6a3f,Leland44 Bernier607,M,GENERAL PRACTICE,10 CAREMATRIX DR,DEDHAM,MA,020266149,42.2270762,-71.17237295563174,242,0
f93fc5b4-4d60-3f03-a5f0-5192eaf40532,a8a4e435-687f-3ecb-9af8-09b4636d1a1a,Mari763 Skiles927,F,GENERAL PRACTICE,107 COMMERCIAL ST,MASHPEE,MA,026496507,41.60736455,-70.49065684933157,54,0
ed78bd27-cd38-3334-b7e5-dfd281c73ec3,99a31e4a-04aa-334b-9e96-904f01483d93,Deloris888 Ward668,F,GENERAL PRACTICE,100 N BEACON ST,ALLSTON,MA,021341928,42.3536388,-71.1375978,1,0
d8bc8762-5932-30ea-8f03-4824176d9919,b93ffa11-ffab-3fe0-8c28-657817801192,Burt293 Berge125,M,GENERAL PRACTICE,9 MAPLE ST,WILBRAHAM,MA,010951730,42.150018599999996,-72.42537320933242,1,0
eeed9e24-99cf-3b01-9f5d-0d9b93a70340,e5b9db6a-8dd8-3622-b9ce-3dc593e111d1,Harvey63 Tromp100,M,GENERAL PRACTICE,1223 BEACON ST STE A,BROOKLINE,MA,024465332,42.3430087,-71.1170155,19,0
c96c2f8b-05e7-3bcd-b9e7-9f5ca0da16a6,e92dad8b-f485-315a-8fc4-1d7adfdc9c00,Ramiro608 Anderson154,M,GENERAL PRACTICE,581 FAUNCE CORNER RD,DARTMOUTH,MA,027471242,41.676111381167445,-70.98788528176077,82,0
b11c851b-b852-3acc-844e-030ebc22ccc9,aad05540-c9cb-3805-b3c4-f9b9d9b42b2e,Quentin28 Fritsch593,M,GENERAL PRACTICE,821 E MAIN ST STE 3,CHICOPEE,MA,010206306,42.155774795300516,-72.55672263289513,530,0
2eea8fcd-4546-3f18-979e-ede92a96eeb2,1aa9084e-2b86-3d6e-93ab-dbe6d4dda601,Casey401 Schultz619,M,GENERAL PRACTICE,100 OLD BILLERICA RD,BEDFORD,MA,017301267,42.499905749999996,-71.25668964877971,2,0
f0135925-7530-3896-a7ff-d8c3f7fef913,2e73956a-942f-36f3-b88c-f88e782e578f,Ivory697 Boyle917,M,GENERAL PRACTICE,790 TURNPIKE STREET  SUITE 202,NORTH ANDOVER,MA,018456138,42.661547049999996,-71.10774565195425,1,0
9cb6007d-e7bf-3a8d-9c5f-acfd6e459398,2987ddf5-7ff2-3e4a-9e25-d654a10313fd,Ted955 O'Connell601,M,GENERAL PRACTICE,519 MAIN STREET,MEDFIELD,MA,020522522,42.186209649999995,-71.30745495273302,19,0
48ffd0b7-0845-35c2-8818-bfeae886d64b,ce3b504c-f15c-3bcf-ba6e-dcb551cc7d7f,Denisha680 Schmitt836,F,GENERAL PRACTICE,112 SOUTHAMPTON ST,BOSTON,MA,021182711,42.33240995,-71.06915010706255,50,0
1893f7c2-5815-3aea-bb95-da67741ebe0f,eea92149-820f-301f-911e-b170e8312842,Marcy588 Hamill307,F,GENERAL PRACTICE,123 SUMMER STREET,WORCESTER,MA,016102177,42.26496835,-71.79655403681465,62,0
d8e03ec4-ab19-30d7-bd60-1a1def776dbd,19a3afba-b409-3650-a0ab-f3faf6e391ef,Haywood675 Strosin214,M,GENERAL PRACTICE,199 REEDSDALE RD,WALTHAM,MA,024511433,42.3756401,-71.2358004,85,0
4ce040ff-9428-3268-86c0-537b3de52579,0e9d0119-1157-35a0-8bb5-7e0aa3041928,Gino587 Trantow673,M,GENERAL PRACTICE,1049 MAIN STREET,SPRINGFIELD,MA,011032114,42.09977055,-72.58470990760483,113,0
171564bf-ed00-3141-b228-6513d3b9d189,76b7dbb5-0a02-32a4-9a01-3511f7e45016,Emerita401 Satterfield305,F,GENERAL PRACTICE,59 COUNTRY WAY,SCITUATE,MA,020663746,42.1806871,-70.74862935148246,35,0
cad6d3d7-4d25-3e7c-ab05-5bae375e8c21,d833e67f-4e72-331c-87e9-45e96dd28280,Lazaro919 Beer512,M,GENERAL PRACTICE,2101 WASHINGTON STREET,NEWTON,MA,024621519,42.3301978,-71.24996457183994,1,0
dd96d747-6158-3bc1-851d-2d5b5e0c9f6f,83a08dcf-7ed6-3d2e-afc0-a72c05d2563c,Thaddeus38 Stiedemann542,M,GENERAL PRACTICE,755 MAIN ST,HAVERHILL,MA,018302166,42.797835,-71.0878121,65,0
b251121b-231a-3aa7-a2cb-ebcae60c1867,b826cbda-f69b-32d0-9e6e-edcb80f692bb,Jake169 Beahan375,M,GENERAL PRACTICE,169 VALENTINE ROAD,PITTSFIELD,MA,012013042,42.45821049070386,-73.27683573566691,14,0
322ca3bf-a91a-34e5-aebb-fce97976a049,25c85bcc-7e25-36bc-89e8-08e0d473db23,Sharron285 Okuneva707,F,GENERAL PRACTICE,138 S MAIN ST STE 14,MILFORD,MA,017573272,42.1270746,-71.51639128815474,196,0
50fb38a9-2858-3e64-9d89-6b954b3e969e,b90ee64e-4559-32db-97d7-0341740a71f1,Thanh759 Cartwright189,M,GENERAL PRACTICE,123 SUMMER ST,WORCESTER,MA,016081216,42.26496835,-71.79655403681465,26,0
bdce2eaf-825c-312a-8a8a-0cfbc8314f68,c9aabcbd-d4e0-391f-8980-d0be6934ea82,Lindsay928 Leffler128,M,GENERAL PRACTICE,340 PLEASANT ST,BROCKTON,MA,023013236,42.08764334999999,-71.03287346676532,85,0
4cfb3126-424a-3ebc-b3b0-79dc9455c944,d9b71ccf-6649-3555-9e99-44eac0af257f,Darlene91 Collier206,F,GENERAL PRACTICE,655 DEDHAM ST,WRENTHAM,MA,020931135,42.084901,-71.30689224201797,55,0
87a5574b-23e7-30a8-b88f-6c6c3e4e47fc,f692f508-aa5e-3060-b98a-23165e5aa12f,Esperanza675 Moya426,F,GENERAL PRACTICE,35 NEW ENGLAND BUSINESS CENTER DR STE 207,NORWOOD,MA,020624692,42.194543,-71.1994976,4,0
134037ca-bb55-3d60-9af2-e831115575b5,7348f15f-ec3d-3aef-821a-8de550c90f26,Dudley365 Pfannerstill264,M,GENERAL PRACTICE,292 WASHINGTON ST,GLOUCESTER,MA,019304832,42.6249323,-70.6824382785235,1,0
cc0f9e86-d3ac-38d2-aedc-a43b27eb508f,e68de1a0-767e-3466-b9a6-43948ee073d3,Gene733 Ratke343,M,GENERAL PRACTICE,160 WELLS AVENUE,NEWTON,MA,024593302,42.29337605,-71.19806353028767,18,0
5a9f7f66-8108-37d8-83f4-301698277ba0,2fb77691-5353-358a-bc94-90af77dd654b,Sasha806 D'Amore443,F,GENERAL PRACTICE,200 GROTON RD,AYER,MA,014321168,42.577352149999996,-71.57414587343038,59,0
3de01745-29f4-34bb-b141-00425dfcd14c,ede8251b-e165-3ef6-b8a0-305217ba8e88,Elijah719 Boyle917,M,GENERAL PRACTICE,710 STOCKBRIDGE RD,LEE,MA,012389316,42.29155405,-73.28210389651024,70,0
0dfbbff3-2618-3e8d-b8b4-df91028be12c,f002fb4c-544a-3139-b3f1-439864d5474a,Sanjuana985 Cruickshank494,F,GENERAL PRACTICE,266 LINCOLN AVE,SAUGUS,MA,019063037,42.44952884999999,-70.99452689295308,1,0
4c958bb0-2327-346a-a8af-c94e7638907e,d6c165ec-d9ca-35a5-9bc8-2061cbfb83a2,Linn541 Lynch190,F,GENERAL PRACTICE,10 ADAMS ST,NORTH CHELMSFORD,MA,018631780,42.6389249,-71.3840196,33,0
80fca9a6-2cd5-36b7-ae76-ad894b56adaf,cbebae9e-f95e-3d2c-9712-289ea8d6aeec,Xochitl483 Haley279,F,GENERAL PRACTICE,49 ROBINWOOD AVENUE,QUINCY,MA,021698130,42.2509914,-71.0037374,523,0
0d1240ea-7419-33e2-bf31-b88344aa2911,1cec4304-9757-3a10-ad4f-7e2090c56131,Theo630 Rohan584,M,GENERAL PRACTICE,55 LAKE AVE N,WORCESTER,MA,016550002,42.2774799,-71.76166994969458,267,0
55612f29-0fba-3cc7-b8dd-d5b5a82f628c,82ed13dd-9643-31e1-a56c-ff9a28a9d671,Camila223 Cartwright189,F,GENERAL PRACTICE,290 ROUTE 130,FORESTDALE,MA,02644,41.713592,-70.4889162,24,0
dda45654-f1e5-3f0b-b1aa-5a671c99816c,5862e05c-9533-3f7a-8f73-215d50f5ee2f,Emilio417 Barton704,M,GENERAL PRACTICE,1200 CENTRE ST,ROSLINDALE,MA,021311000,42.29768,-71.130463,155,0
aa19201c-c71f-35fc-b116-770dd9cae01a,ec7e487e-7e78-3eac-a9ee-37f8de98a0f9,Sid118 Hammes673,M,GENERAL PRACTICE,277 WASHINGTON STREET,ABINGTON,MA,023512489,42.10060947239023,-70.94967338146704,12,0
488c35c7-a334-3e76-98e9-9464c72d81f0,26d8e700-7d84-3b34-bfad-274b535ec244,Olin642 Padberg411,M,GENERAL PRACTICE,421 North Main Street,Leeds,MA,01053,42.345066,-72.68291,106,0
0e257414-3e58-3ca5-8236-11c8aaaf8007,ad482681-b4c4-3fce-ac59-78c83d31b0ba,Carmelo33 Turner526,M,GENERAL PRACTICE,130 CHESTNUT ST,FRANKLIN,MA,020383903,42.08345955,-71.38413379825735,3,0
51673f4c-4e0e-3ea6-9195-cb7550583504,a8f1424c-00bc-3403-8db5-cd600978f3a4,Corazon138 Bogan287,F,GENERAL PRACTICE,8 BURNHAM ST,TURNERS FALLS,MA,013761816,42.6042523,-72.5564777,250,0
15583247-23b8-32b9-bbbe-dff631333f53,411f14a5-de79-3e08-81d6-301270cc2275,Fredrick998 Harvey63,M,GENERAL PRACTICE,64 CONCORD STREET,WILMINGTON,MA,018872179,42.55962465,-71.13772203658047,34,0
32bd1fbc-8a3f-3eee-b627-5dfed9833adc,471f7ca2-38f8-3080-8109-187c73ec0b1f,Reginia455 Johnson679,F,GENERAL PRACTICE,27 CONGRESS ST,SALEM,MA,019707308,42.518722068313224,-70.88940635956651,120,0
46c9785c-f62a-3891-9c58-e97f0627d32b,a5577e5c-b886-37a0-8eee-8ff6feb7ea6b,Synthia172 Keebler762,F,GENERAL PRACTICE,330 MOUNT AUBURN ST,CAMBRIDGE,MA,021385502,42.3741033,-71.13417575971958,615,0
a6c9b631-01e1-346a-8e8b-7c54cd972d58,20df65a4-7567-3066-b680-0f71b0c31d38,Rayford811 Bashirian201,M,GENERAL PRACTICE,242 GREEN ST,GARDNER,MA,014401336,42.58685735,-71.98748072431209,812,0
a07105e3-9e72-3624-aa95-fae3564280cf,7dcab1ad-0e13-3700-9eb0-70767c5e2b55,Dana512 Wilkinson796,F,GENERAL PRACTICE,1515 ALLEN ST,SPRINGFIELD,MA,011181803,42.095299499999996,-72.50943136142334,11,0
f0bdd1ee-2a7c-3681-8e44-7a051b2b5a39,ce9c1582-994d-32bf-835c-474a249d2804,Clifton91 Veum823,M,GENERAL PRACTICE,275 MARTINE STREET  SUITE 104,FALL RIVER,MA,027231500,41.68393816525316,-71.1220830626733,123,0
1011e69a-c942-3d3d-a3e5-ef29530a8b5a,ff8a25dd-fd83-30fc-a1ee-66455ec0dd82,Duane703 Gorczany269,M,GENERAL PRACTICE,3 EDGEWATER DR,NORWOOD,MA,020624642,42.16067115,-71.20186905283774,52,0
59f6de11-47a4-32a4-bafe-1806b548dcbc,9485907a-9f9c-3c19-a424-b402ee8f99c2,Tynisha348 Bogisich202,F,GENERAL PRACTICE,101 PLANTATION STREET,WORCESTER,MA,016043025,42.258026400000006,-71.78384882397785,3,0
72f5c0f0-bd59-31fe-a395-7bcb967ba8a9,6ea4d3d6-d820-387a-a3d1-ed5944ad47a2,Nicolasa738 Larkin917,F,GENERAL PRACTICE,232 PLEASANT ST,METHUEN,MA,018447152,42.7397562,-71.17113575205717,126,0
deee3025-b37f-3620-b5e1-3a58a4c60c1f,e7722de2-0e62-3dc9-a163-a7003956673b,Charlena802 Lockman863,F,GENERAL PRACTICE,1 EDGEWATER DRIVE  SUITE 103,NORWOOD,MA,020624669,42.16153305,-71.20162617190071,36,0
1e915ab0-34c7-39c9-bc95-b805e4937fdd,c630c98b-cbfb-3260-a984-4bbf511de98d,Selma398 Beier427,F,GENERAL PRACTICE,135 S HUNTINGTON AVE,BOSTON,MA,021304885,42.328899,-71.110855,1,0
459d8140-9837-3657-af9e-98a25d8f7b61,62b55e5b-b58f-354d-8f2d-f2a330bc619e,Brandon214 Gerlach374,M,GENERAL PRACTICE,201 HIGHLAND ST,CLINTON,MA,015101037,42.42738865,-71.69329092351188,353,0
5844198e-beb7-3594-974e-5af0ce1fdf8e,966245ce-e84d-36b0-a838-2e0b5bb2e668,Refugio197 Crooks415,M,GENERAL PRACTICE,1425 BLUE HILL AVENUE,MATTAPAN,MA,021262122,42.2754929,-71.09384131587021,18,0
6ef55c11-6d05-3db5-b781-f8734931d98d,58d6127e-ee48-37c3-9f2d-dcd3c050fb25,Thomasena108 Gutmann970,F,GENERAL PRACTICE,73 RUSSELL RD,HUNTINGTON,MA,010509777,42.2244752,-72.8709216,43,0
834c3047-d4b7-301a-ba09-07660c63217a,b9a91cbd-3263-31d9-9cff-55873cf8b2e2,Danita413 Becker968,F,GENERAL PRACTICE,25 Bond Street,Springfield,MA,01104,42.110065,-72.60007,228,0
06a9544e-5b05-30e6-9ebd-901f480116eb,b574fc4f-313c-38a4-9baf-7e12e431a499,Georgeanna785 Schulist381,F,GENERAL PRACTICE,511 W GROVE ST,MIDDLEBORO,MA,023461479,41.90036455,-70.9535889372234,31,0
65d586c8-ce4d-3ed8-ab82-1b7a190362b0,9dbd44ba-59b2-3d1d-ac91-3880af8081d2,Tori754 Larson43,F,GENERAL PRACTICE,529 MAIN ST STE B,ACTON,MA,017203965,42.4878132338563,-71.43046999422496,62,0
001e125a-debb-30bf-8d03-891b8f61eca1,af45b6a5-7289-300a-8e98-afa85eefd92e,Steve819 McGlynn426,M,GENERAL PRACTICE,270 BROADWAY UNIT 1,SAUGUS,MA,019064510,42.4648183,-71.010051,26,0
c82dbb8b-731d-3b22-a493-5be6e86545f8,2bde75a8-708f-3930-8d57-100ab365d413,Sunny31 Gleason633,F,GENERAL PRACTICE,173 WORCESTER ST,WELLESLEY,MA,024815521,42.2964859,-71.2925571,16,0
504e03e2-081b-3e0b-8dd4-7a20363bca41,9656a864-3b93-356f-9fa6-d7988e249977,Josh874 Feil794,M,GENERAL PRACTICE,950 N MAIN ST STE 203,RANDOLPH,MA,023683064,42.1871612,-71.0568102,120,0
0d374adf-dda6-310f-99ea-ab0a975131ad,3465062e-288a-395c-abbe-2813f9c7b8a1,Tyrell880 Veum823,M,GENERAL PRACTICE,22 MAPLE ST,AMESBURY,MA,019131304,42.857005,-70.94281582407783,1,0
77a24546-4c38-3c9d-b36e-3ad4a4377bdf,4eddfa13-f996-3048-9bbc-541b0a29038a,Annelle169 Schmidt332,F,GENERAL PRACTICE,736 CAMBRIDGE ST,BRIGHTON,MA,021353601,42.348649949999995,-71.14799584850206,42,0
42827082-0466-33dc-8ee8-aeacbe9f2cc6,845fbd9b-2d1c-39a8-8261-28ae40e4fab2,Bennett146 Rippin620,M,GENERAL PRACTICE,14 PROSPECT STREET,UPTON,MA,015681431,42.1700209025178,-71.59409308099494,563,0
476c5e5f-0299-3730-8cc6-d861e5b23911,946ec45f-5c4a-361f-b158-927144864133,Jorge203 Harvey63,M,GENERAL PRACTICE,19 MIDSTATE DRIVE  SUITE 130,AUBURN,MA,015011856,42.1894693,-71.85604765,6,0
f4e699b4-2085-36ef-897b-4fb0894a2326,bac9dc0c-cb0f-3fa6-aa12-819dd0fb922a,Nicholas495 Greenfelder433,M,GENERAL PRACTICE,1493 CAMBRIDGE ST,SOMERVILLE,MA,021452935,42.3875968,-71.0994968,298,0
16e2b504-834a-371f-b8d3-12b9b3ca3032,84d5768f-3a21-3da9-aad2-bbf7a3ae2700,Hank686 Schneider199,M,GENERAL PRACTICE,817 MERRIMACK ST,LOWELL,MA,018543548,42.650296999999995,-71.32263756223612,181,0
e6334a15-b1c5-3d2f-bb1d-73836bd9225f,9ce6072b-d039-3cde-8eaf-950211b8ae88,Terrie907 Ratke343,F,GENERAL PRACTICE,147 S MAIN ST,MIDDLETON,MA,019492446,42.585787222720036,-71.00861442427218,118,0
6243ee43-ee0b-3e36-a52d-8e60b5a7547e,2576629d-4a1a-3a63-8c08-779cbd8ef98b,Naoma512 Bashirian201,F,GENERAL PRACTICE,204 MAIN ST,ORLEANS,MA,026533428,41.78516795,-69.96772048551409,29,0
76c30062-4b47-318e-932d-b5076fccd20a,af8566eb-8918-3ec7-ba44-92b6a2cf8097,Madelaine318 Walker122,F,GENERAL PRACTICE,81 HIGHLAND AVE,SALEM,MA,019702714,42.5112107,-70.90516241826194,1116,0
31c78bc3-4c73-3610-93f2-01f3e1d87770,21e6967c-bb71-3992-bb1c-11ffff39216e,Jesse626 Weber641,M,GENERAL PRACTICE,200 HILLSIDE CIR STE 3,WEST SPRINGFIELD,MA,010894681,42.105237,-72.6213712,1,0
45d4f247-a5e2-3ddd-b1a6-30f8a2bdbea0,ecd3b321-0a8a-3ce6-81f0-982dd77fce43,Hunter736 Lesch175,M,GENERAL PRACTICE,25 HIGHLAND AVE,NEWBURYPORT,MA,019503867,42.81369325,-70.89091645747592,191,0
a2cd17f4-a46e-3580-a779-4972bb713d74,eb2596c3-8814-3add-8516-474214bf5c62,Jaqueline846 Lemke654,F,GENERAL PRACTICE,250 W UNION ST,ASHLAND,MA,017211420,42.24214015,-71.48110671819278,1,0
c0acf718-e3fa-3f87-9359-ddc631fe1848,c762a0ef-bfba-3261-b90c-4059f7bcc87d,Alona471 Cormier289,F,GENERAL PRACTICE,160 MAIN STREET,WALPOLE,MA,020814037,42.168752850000004,-71.23027591232932,2,0
c56fef17-b515-3f2b-bdb4-990135e226ef,42c13743-f36f-370a-a5ca-3e3c9795e02d,Tiffani287 Toy286,F,GENERAL PRACTICE,17 CHIPMAN WAY,KINGSTON,MA,023641039,42.0115267956362,-70.78988939618995,1,0
d8d81607-975a-3bc7-a84a-e1ff704d94cf,058176fd-cbb0-328b-8411-c19f5045032d,Dion244 Sanford861,M,GENERAL PRACTICE,840 EMERSON GARDENS ROAD,LEXINGTON,MA,02420,42.43761961817366,-71.19888753880475,15,0
357efc4e-efeb-3297-bd49-84ad0b98860b,a036cdf2-bbc5-3ffd-987f-56e437fd8b74,Lashanda692 Gutmann970,F,GENERAL PRACTICE,265 N MAIN ST,SOUTH YARMOUTH,MA,026642083,41.680980000000005,-70.18292625685085,42,0
de2b67ce-c3c2-3223-8eb9-26b34291ee01,4f5e8f16-a31b-3071-8556-d7188ede313d,Barrett790 Wolf938,M,GENERAL PRACTICE,575 BEECH ST,HOLYOKE,MA,010402223,42.20105435,-72.628169560868,233,0
c4322757-9064-3c40-8dcc-b65fed63c338,69cb2157-b620-3c51-9c94-f516462d2d55,Anh979 Schroeder447,F,GENERAL PRACTICE,11 WATER ST,ARLINGTON,MA,02476,42.41642055,-71.15424293038585,37,0
364126d6-f5dc-3402-9ab9-141e475d5ee0,ae3eab22-8868-37bb-9a59-2b8bfe14bf34,Minh326 Smitham825,M,GENERAL PRACTICE,2033 MAIN STREET,ATHOL,MA,01331,42.58522105,-72.20868129339888,170,0
f6ac91ed-fcb1-3de2-98b5-8c8d1afe7e12,615416de-5217-3c11-9828-2d4bacd1d9cb,David908 Correa904,M,GENERAL PRACTICE,434 ROUTE 134,HYANNIS,MA,026011854,41.6753274,-70.309939,2,0
2246e306-a7ec-3111-8fa9-c831e7411ea8,218e58e4-9642-3ebd-9b39-34d15f22c620,Jamie386 Lowe577,M,GENERAL PRACTICE,977 MAIN ST,WALTHAM,MA,024517406,42.376452150000006,-71.25063779999999,29,0
0cc8006b-fb08-3276-9c3f-17468727c9da,9a20d707-68e4-32c0-b2b2-2f5d5c2012cd,Caridad510 Batista148,F,GENERAL PRACTICE,131 CAMBRIDGE ST STE 1,BURLINGTON,MA,018033711,42.50284395,-71.19574553661971,227,0
8f62a9e8-4115-3bee-ab58-76f2393f268a,f90ef475-defe-363d-a926-573b38f804a2,Bea654 Schiller186,F,GENERAL PRACTICE,54 HOPEDALE ST,HOPKINTON,MA,017481672,42.2288875,-71.5196439,52,0
12a86d8e-9db1-32c9-9af0-58cc18b443a5,071a898d-3535-39fd-bf61-d33301aacd04,Felicidad691 Luettgen772,F,GENERAL PRACTICE,104 CHARLES ELDRIDGE RD,LAKEVILLE,MA,023471370,41.8459353,-70.9494854,77,0
35b65754-1751-35a7-a1b5-d628a02c2a87,41f66e18-8eb7-32f2-9371-7df5bf2b8d21,Noma845 Mraz590,F,GENERAL PRACTICE,170 UNIVERSITY DRIVE,GREENFIELD,MA,013011238,42.6097476,-72.5979752,34,0
7b582a6c-9443-3d43-b796-899bffb2558a,a25107f7-f4f5-36fc-98e4-f3e1b5875c91,Tracy345 Wilderman619,M,GENERAL PRACTICE,1285 BEACON ST,WOBURN,MA,018012157,42.4979478,-71.1684508,43,0
3961137c-cf68-3729-9dec-cd80728bfe00,0e6c3ad1-24c1-34cb-bb6d-e8438fa319e2,Vern731 Casper496,M,GENERAL PRACTICE,50 DODGE ST,SWAMPSCOTT,MA,019071300,42.4699241,-70.9171507,32,0
0c302aa4-62f4-3b1f-9e39-057c468afb36,b4ca31a9-9d34-3ea1-93c4-443941622304,Ellie521 Nicolas769,F,GENERAL PRACTICE,102 MAIN ST,GREENFIELD,MA,013013224,42.5879173,-72.6055828841603,72,0
255df3b7-e778-31fe-9fc2-52650716f556,43ee6bb5-8efa-3bfc-8ca8-1579a5267753,Shawanna357 Roob72,F,GENERAL PRACTICE,235 N PEARL ST,BROCKTON,MA,023011794,42.09805395,-71.0609587194362,137,0
19f42b46-2f64-3b10-86fa-8f4821f5f834,3695125c-c052-3ece-898a-2a6448987ae5,Sean831 DuBuque211,M,GENERAL PRACTICE,2040 BOSTON RD STE 5,WILBRAHAM,MA,010951380,42.150295650000004,-72.47288272264812,15,0
3ab7c27c-9c43-3d4d-8cec-7bb6e40d24bc,ed43f171-1ac1-3f08-aef5-0f62c515cf4d,Bruce167 Schowalter414,M,GENERAL PRACTICE,184 TER HEUN DR,FALMOUTH,MA,025403160,41.56534135,-70.62534898297048,2,0
c63f6715-a10f-3d13-82b6-edf49abdc6e6,63b93742-6c13-3309-92b6-f7c858e9f320,Marietta439 Schmeler639,F,GENERAL PRACTICE,77B WARREN ST,BRIGHTON,MA,021353601,42.348002699999995,-71.14205064012461,9,0
75514bb8-7f65-3fba-8b23-ac2e3f6743d6,05fcf001-ab24-3d7d-85f7-f64942d82738,Leonarda398 Schumm995,F,GENERAL PRACTICE,250 POND STREET,FRAMINGHAM,MA,017014592,42.2838619,-71.4093719,590,0
1262add2-954a-318e-ab72-2a1802915445,7e6db51f-7c1b-3555-9e1c-6269ba6d704d,Drew592 Streich926,M,GENERAL PRACTICE,120 STAFFORD STREET SUITE 206,WORCESTER,MA,016031461,42.239638,-71.8443785891577,14,0
31bf5a53-f631-3abd-9d37-d351701c38be,83769f98-fff3-3535-8781-6ace5957136f,Harland508 Breitenberg711,M,GENERAL PRACTICE,115 NORTH AVENUE,ROCKLAND,MA,023702129,42.13496385,-70.92237824494691,10,0
902c985c-9054-346c-96f4-a1130022227f,e87cda4c-1ad8-3a9e-b55f-7bfe987610ce,Josephina269 Bechtelar572,F,GENERAL PRACTICE,326 NICHOLS RD,FITCHBURG,MA,014201914,42.5974358,-71.80761197366103,94,0
da87f09d-0e11-3fa9-b738-542e17e829a8,e7b77e8f-b607-3273-aef9-ad1bca48813f,Ivonne773 Turcotte120,F,GENERAL PRACTICE,209 W CENTRAL ST STE 216,NATICK,MA,017603716,42.28202598359604,-71.3899479380402,57,0
43cbbb2c-b3ff-3d61-a75d-413a2bcee211,62ccfb55-1f60-3450-a607-706bedc9ef4e,Maximo817 Greenholt190,M,GENERAL PRACTICE,120 MURRAY STREET,MEDFORD,MA,021551300,42.42974035,-71.08853906104483,2,0
f00eb7f5-a3c8-38a7-b8e4-373f21db3c3f,05cd3fbb-08ce-38bf-b680-721a3e902d43,Lita714 White193,F,GENERAL PRACTICE,9 WARREN CT,SALEM,MA,019703163,42.51586993877551,-70.90514912244899,28,0
7d267d0f-d603-351f-98cc-55e8bb9457f5,0e3a24c3-b772-3059-b3fd-8a4710068a82,Malka46 Gerhold939,F,GENERAL PRACTICE,416 BROADWAY,RAYNHAM,MA,027671737,41.940680799999996,-71.07864352196617,46,0
95554084-dc9c-30bf-b0cf-33803163601e,28d71598-85eb-3a0e-90c1-22e0be1af57c,Sammie902 Hermann103,M,GENERAL PRACTICE,38 MULBERRY ST STE 204,NORTHAMPTON,MA,010602832,42.35436315,-72.70256804599192,60,0
40559751-321b-3160-ba45-9595abb4a470,f68ebf98-ba5b-35af-b2bd-da56cc5b13be,Shaun461 Hintz995,M,GENERAL PRACTICE,270 LITTLETON RD STE 22,WESTFORD,MA,018863524,42.5569148,-71.4366336131239,1,0
fe21a406-3b4e-3690-854a-4ea38af1f6f6,b8d40f5c-9e4d-3639-89ef-8bf375cb3184,Joshua658 Howe413,M,GENERAL PRACTICE,190 OLD DERBY STREET,HINGHAM,MA,020434065,42.1807101,-70.9170852970031,1,0
6f16267c-f119-3ddb-be10-4d6ac70b8e0e,a537b406-fdfa-36b4-84da-12512e7e6c63,Ernesto186 Davis923,M,GENERAL PRACTICE,795 MIDDLE ST,STOUGHTON,MA,020721829,42.1252079,-71.1022015,56,0
a622de12-3050-3502-9423-c05f8ca7e541,d24e558b-6659-3c62-bfa7-938aa245c8a8,Francisco472 Crooks415,M,GENERAL PRACTICE,4 COURTHOUSE LANE SUITE 1-3,CHELMSFORD,MA,018241737,42.62439345,-71.35881000636567,53,0
076c9308-415c-32a8-b6c5-a114d18a664c,7d627533-adbd-320a-9054-db91a2811597,Rachell479 Schroeder447,F,GENERAL PRACTICE,480 JACKSON ST,METHUEN,MA,018444020,42.7327291,-71.16807304424162,2,0
e00f83ba-54a9-3e2a-ac13-8c06cf4a83eb,e5d50afe-8c7d-35f5-96f5-fb8941403b0f,Justin359 Hayes766,M,GENERAL PRACTICE,125 S CLARK ST STE 900,FALL RIVER,MA,02722,41.74223,-71.129706,405,0
4d2560c6-24b2-38af-8a9b-e36edb265463,7baecfbc-ac9c-3f96-9db7-6453ab224b73,Ken316 Kerluke267,M,GENERAL PRACTICE,675 MAIN ST,MELROSE,MA,02176,42.4586199,-71.0629807,69,0
813ec8a3-6c98-3030-89db-cab7bbdb7ca5,9adfae03-673d-365d-9052-f705098fa3e4,Daniel959 Wolff180,M,GENERAL PRACTICE,51 BLOSSOM ST,BOSTON,MA,021142699,42.36305545,-71.06643399281765,393,0
54f462ac-e40a-3909-81da-262089efe933,46912be1-43b9-3c0c-9fbd-3d123f2eacc6,Sammie902 Kutch271,M,GENERAL PRACTICE,821 DANIEL SHAYS HWY,ATHOL,MA,013316903,42.572540548950265,-72.2674105528448,2,0
c6d1ad1f-53a0-3825-8b03-f5417153ae87,48a07866-e8d7-3268-aa3c-ca3237c8e6f3,Moshe758 Stamm704,M,GENERAL PRACTICE,188 PROVIDENCE ST,HYDE PARK,MA,021361861,42.2682551,-71.12174592925336,99,0
b624b44c-88d9-3cbe-9173-2e9942113fac,4acd5d4f-751d-317e-a0b9-e4cb10a2601d,Dorethea38 Roberts511,F,GENERAL PRACTICE,SEASHORE POINTE REHAB CENTER LLC,PROVINCETOWN,MA,026571456,42.0525612,-70.1858639,1,0
d6a61cc8-4d5c-32e7-b2e5-9e2bb695e201,25431f9a-00e4-36d8-9810-4125328eec50,Paris331 Ruecker817,M,GENERAL PRACTICE,55 FRUIT ST,WALTHAM,MA,02451,42.3756401,-71.2358004,86,0
e054a11d-4d56-323e-877d-858c91077c0d,029b3003-b21a-30e7-b84e-0063558fc04b,Shizuko29 Hills818,F,GENERAL PRACTICE,97 BETHANY RD,FRAMINGHAM,MA,017027237,42.264920202566366,-71.43067623259627,1,0
92df26be-adc0-3a58-a62a-b24aaf576327,89171335-b9c0-3326-98d6-a837d432b9fd,Louis204 Hauck852,M,GENERAL PRACTICE,150 FLANDERS ROAD,LYNN,MA,019042915,42.466763,-70.9494939,184,0
a0ba059d-6a4f-388d-a0d5-d67dbae1ce0d,7cd7fc5c-3fa7-3b6e-b3c9-0dbaec2a3470,Clay913 Roberts511,M,GENERAL PRACTICE,505 FRONT STREET,CHICOPEE,MA,010133140,42.14871685,-72.59756969862315,73,0
c493f375-6fc3-3576-9b87-0860838c0bc6,c1a85a41-6758-3edc-95ec-238b8ac72a40,Alfredo17 Lesch175,M,GENERAL PRACTICE,65 CENTRAL ST,GEORGETOWN,MA,018332112,42.7211656,-70.99324119227308,79,0
81e9fdde-b86f-36bd-b877-398797d20396,01bde980-bf89-3138-8912-7360dff33247,Bradly656 Lang846,M,GENERAL PRACTICE,456 PARK AVE,WORCESTER,MA,016101254,42.25512735,-71.82580924803523,17,0
b3630546-5170-3a73-9c01-ebfa6f3ea1a7,1484fc69-2eb0-3bba-8656-d5ead4973895,Kareem959 Schaefer657,M,GENERAL PRACTICE,260 MERRIMAC ST,NEWBURYPORT,MA,019502192,42.817380099999994,-70.88125573659471,33,0
189159e1-204f-3ad7-9ee0-08bd9ca29587,217cb6f6-e822-3831-9d9d-ffa104971042,Luther918 Jakubowski832,M,GENERAL PRACTICE,2 REHABILITATION WAY,WOBURN,MA,018016003,42.46352265,-71.161925472006,898,0
f2784d8f-897c-3cfc-af13-769abf49f049,8a6e21d0-da20-3378-8176-4e5ad2b51983,Laine739 Torphy630,F,GENERAL PRACTICE,84 ELM STREET,HOLLISTON,MA,017462138,42.20234485,-71.42493275079366,26,0
1ba0031a-0136-3abe-993b-76980603ff23,4e56c7ec-99e5-3023-8e4f-95ad18a03f06,Regenia619 Bosco882,F,GENERAL PRACTICE,28 RIVERSIDE DR STE 101,PEMBROKE,MA,023594947,42.11004715,-70.77534154695786,49,0
197eec92-919c-35f6-a9bf-dcf3a29bf971,e2a8b444-9b8f-36ff-84c4-05ee98589482,Elmer371 Gusikowski974,M,GENERAL PRACTICE,8 SHIPWAY PL # C-8,CHARLESTOWN,MA,021294301,42.3778749,-71.0619957,322,0
aeaf181f-f569-366e-aecf-4353ccbcd215,65dac97b-bb0c-38ae-94bc-bf29ac9687ea,Sebastian508 Rowe323,M,GENERAL PRACTICE,265 MAIN STREET,DALTON,MA,012261614,42.472932099999994,-73.17745071097283,9,0
898b774b-48e7-3edb-82d9-c013712b2dc6,fe8b229b-11c7-31c9-994a-98321748fd2e,Danille883 Witting912,F,GENERAL PRACTICE,HARRY KEMP WAY  P O BOX 613,PROVINCETOWN,MA,026571618,42.055812,-70.185696,81,0
eeea40f7-79e6-3db1-9fa7-e2ed76555a23,05f80ed8-6a7a-3728-8b5c-c5c995c8244a,Mayte822 Vigil207,F,GENERAL PRACTICE,150 South Huntington Avenue,Jamaica Plain,MA,02130,42.32809,-71.11076,3152,0
29874ebe-6a57-376d-95cf-8ff8d0fb5406,e0cc7e8e-e1a4-3a02-b589-0a35741d39fe,Octavio643 Towne435,M,GENERAL PRACTICE,990 PARADISE RD,SWAMPSCOTT,MA,019071831,42.48374535000001,-70.90120467000462,81,0
8360ab4c-b659-34b2-8424-924d044b13af,18d2c9c2-4b92-3664-9b8e-419aff3ce942,Aleshia311 Block661,F,GENERAL PRACTICE,175 GROVE STREET,BRAINTREE,MA,021847253,42.19127375,-70.99279579751581,8,0
99eb2f7b-74d7-3021-8e25-a79d4151f257,121b0ad1-1beb-3caa-9271-3d3f726bb727,Carlos172 Salas880,M,GENERAL PRACTICE,1030 MAIN STREET,WALTHAM,MA,024517447,42.375828,-71.2527956,132,0
968436c5-3266-3985-837f-2189150917b2,43f37d29-0bcb-3d84-b9c0-9ee4f2485ff2,Maria750 Romaguera67,F,GENERAL PRACTICE,168 WALTON RD UNIT 19,ROWLEY,MA,019692014,42.7136977,-70.8818364,137,0
d11c26e7-5812-35c7-937b-7c192bb024fa,db60692f-cbef-315b-9fce-38a7f015c482,Kathi607 Hilpert278,F,GENERAL PRACTICE,72 SHARPE STREET,SCITUATE,MA,020664534,42.1939754,-70.7697128,171,0
88b92762-75e9-3963-8815-563b3d39feaf,883f57b8-89c6-3dc4-b6da-047705c88623,Parker433 Bailey598,M,GENERAL PRACTICE,363 HIGHLAND AVE,FALL RIVER,MA,027203703,41.7093779,-71.1460783680883,841,0
e349026e-ca41-39df-ad41-eb518b4b7108,9ba25035-53e5-344b-9b9e-94331a58d1d4,Lucilla742 Schultz619,F,GENERAL PRACTICE,420 MAIN ST,WALPOLE,MA,020812553,42.161882199999994,-71.2388707178431,82,0
7a4a44ec-12bf-36fe-bd51-cd793d4b9c8a,0a2252ba-33de-322f-8f0a-e5b0141f1780,Hue920 Block661,F,GENERAL PRACTICE,632 BLUE  HILL AVENUE,DORCHESTER,MA,021213213,42.2941088,-71.0885355,123,0
cf703e4c-af0f-33fe-998c-3cb57b55685c,4f029aea-a3f7-3429-a477-45cfe183c3f9,Marchelle563 Lesch175,F,GENERAL PRACTICE,1675 NORTH MAIN STREET,LANCASTER,MA,015232405,42.4761132,-71.6873032,13,0
c7308507-85e9-33b5-918e-44dbff72cf2f,f6ba791e-fe68-3596-bef4-60751db6a60e,Freeda113 Crooks415,F,GENERAL PRACTICE,37 BIRCH STREET,MILFORD,MA,017575501,42.1424349,-71.48943173357203,14,0
b25f1c46-8d58-37bc-a52a-3ed4df651e74,2fc3d86d-4194-3ad1-bb8a-99d5d34119a1,Delinda651 Krajcik437,F,GENERAL PRACTICE,300 CONGRESS ST STE 203,QUINCY,MA,021690907,42.2345525,-71.01493330273374,119,0
fe4aedd3-4f84-38b0-b1a9-f5350f16d879,e1892a2c-6dca-3c4c-93b7-0e00a9eb8b61,Maragaret140 Erdman779,F,GENERAL PRACTICE,20 EAST ST,HANOVER,MA,023391638,42.1278249,-70.82664947485381,86,0
4a56b4de-fdd4-3252-aac9-4e582c2eb015,67cade01-dcfe-37b7-8e2c-b712d9e6fbba,Lelah386 Wintheiser220,F,GENERAL PRACTICE,694 MAIN ST,HOLDEN,MA,015201862,42.3406819,-71.8390289,164,0
ed5bd8a7-7f8c-37a8-af7e-9215d9cfe64e,11a40a26-a5a3-331d-aef0-d06dd90e2b4e,Len277 Wintheiser220,M,GENERAL PRACTICE,10 OSTERVILLE WEST BARNSTABLE RD,YARMOUTH PORT,MA,026752000,41.7020544,-70.249465,116,0
b22e6ebf-d8eb-38d8-af23-083ca29c342f,b954c464-11ea-312b-a3f8-1350775bfa54,Hortensia953 Walker122,F,GENERAL PRACTICE,123 CAPTAIN'S ROW,CHELSEA,MA,021504019,42.3917638,-71.0328284,6,0
0251722e-24f5-3266-8a45-f1729ada80cb,9f368e75-397f-3d77-a317-9a005512a4e2,Franklin857 Pfannerstill264,M,GENERAL PRACTICE,381 PARK AVE,WORCESTER,MA,016101026,42.2583962,-71.82204240042036,54,0
c33cee1c-1d19-3d1c-ad00-22665b8382d9,0dfa7ab2-4acc-360c-ab55-beb8e38a8c1d,Teresa94 Delatorre612,F,GENERAL PRACTICE,36 CORTADGE PARK,PLYMOUTH,MA,023607320,41.9426657,-70.7618592,42,0
2f7a1680-7210-3811-829f-4ccffd853f5f,7cb70963-6f86-3eab-a12b-88deb31de793,Katelynn452 Ledner144,F,GENERAL PRACTICE,18 DANA HILL ROAD,STERLING,MA,015642414,42.4106904,-71.7976286731579,4,0
ae5d358d-1540-322a-b239-93c3303b713b,95f6c328-96dd-3fb8-a56e-9aad566094b4,Burton124 Schoen8,M,GENERAL PRACTICE,4 STONY HILL ROAD,WILBRAHAM,MA,010951027,42.1552861,-72.48384800788648,31,0
1f488e5c-65fd-3ef9-8518-66a9c52a1ef9,485ae27b-c5ba-3fd0-9a16-c9eea20be185,Lael572 Kris249,F,GENERAL PRACTICE,275 MARTINE STREET  SUITE 202,FALL RIVER,MA,027231518,41.68393816525316,-71.1220830626733,22,0
6d20e5a7-781b-3035-b5c6-c0c2a199eead,19f958ef-57cf-33c1-b068-14b32a980813,Jordon466 Bruen238,M,GENERAL PRACTICE,155 BROADWAY RD,DRACUT,MA,018262754,42.67578279999999,-71.29320171860073,57,0
577799e1-3b36-3c45-9627-2299fdfdfc0c,da2e8443-a0d6-3e87-b651-e2697615f4b5,Rutha66 Bergstrom287,F,GENERAL PRACTICE,2000 WASHINGTON ST,NEWTON,MA,024621624,42.332192250000006,-71.24597794166553,18,0
77e1b89a-8073-3f48-a74f-8606c3fe0dc3,035b7574-2fec-3922-8b57-2388164422e6,Shella455 Reichel38,F,GENERAL PRACTICE,874 PURCHASE ST,NEW BEDFORD,MA,027406232,41.636177,-70.926054,68,0
50114da7-dd8d-365a-b8ac-37233e6a4aba,6d16a8e3-3569-38ab-afac-a2f8c1125085,Lynn917 Crona259,M,GENERAL PRACTICE,1010 WALTHAM STREET,LEXINGTON,MA,024218052,42.4139392,-71.22929265883278,12,0
5930434e-0bf9-3af2-bf42-d91f42d9bc21,91808f17-7583-32a3-aa55-23b131b327c7,Leonie332 Wunsch504,F,GENERAL PRACTICE,200 CORDWAINER DR,NORWELL,MA,020611671,42.16352995,-70.8846291501739,91,0
a91759a4-91b2-3ffa-a1a9-5b766d53bc16,76baa51d-0d0f-359d-a07b-7b999a43d42e,Dong972 Gibson10,F,GENERAL PRACTICE,101 STATION DR STE 240,WESTWOOD,MA,020902336,42.20728361922244,-71.15698168263435,120,0
ec1c9c2a-ddc8-3cca-9a37-854039ddb06c,02d7b144-352f-3eac-97db-6fc4a95bf1fa,Bernardo699 Alfaro627,M,GENERAL PRACTICE,120 SEMINARY AVENUE,AUBURNDALE,MA,024662650,42.34002614299451,-71.24911543639162,12,0
1c08dd4c-cb93-3526-8384-c31a15fad592,e0584fe3-c4f7-33c7-986b-2568383d7307,Kenneth671 Blanda868,M,GENERAL PRACTICE,120 MAPLE ST STE 303,SPRINGFIELD,MA,011031930,42.1064397,-72.63777529283192,5,0
14d750c6-7de0-3e8c-a044-baf6da88aa8a,53f086de-2fc7-3d35-92c2-aca4ed944e7f,Carisa395 Kutch271,F,GENERAL PRACTICE,1 GENERAL ST,LAWRENCE,MA,018412961,42.7097143,-71.15007700778098,273,0
195b3629-0152-3f15-b7e8-1ce406838e10,20f63278-6709-3195-b767-782d2a10bd5c,Jamie386 Krajcik437,M,GENERAL PRACTICE,640 CONCORD AVENUE,CAMBRIDGE,MA,021381116,42.389222000000004,-71.14799280677965,17,0
dd1b16c1-1f68-3493-9ac3-17acd7c4f28c,e498871e-3c3d-3ea1-a79d-4bc09679de84,Gricelda41 Collins926,F,GENERAL PRACTICE,221 FITZGERALD DRIVE,NEW BEDFORD,MA,027453426,41.6995448,-70.92972651619661,1,0
97d24045-a2f0-321d-a7a6-d74a3a6f2159,b636c344-0fda-3eea-96cf-1190f8d1d8fc,Tobias236 Ondricka197,M,GENERAL PRACTICE,780 MAIN STREET,GREAT BARRINGTON,MA,012302148,42.17823835,-73.36310566431717,32,0
4a4e0014-36d5-3c59-a3c4-5780ed03e2ec,c709c5eb-ddd7-3778-84f7-0931a4d1c718,Jim478 Goyette777,M,GENERAL PRACTICE,1200 CENTRE ST,ROSLINDALE,MA,021311000,42.29768,-71.130463,182,0
717869f8-b259-3918-b6aa-128cdfaa1cbd,8d81bd8c-ad6c-37f7-95c9-75fd3de24e86,Clare187 Marquardt819,F,GENERAL PRACTICE,118 MAIN ST,STURBRIDGE,MA,015661533,42.0905134,-72.06606362965572,113,0
e8fea86d-97fd-3292-9534-527f8d14c812,c05d73d0-b348-32ce-9fe5-13a720950f37,Abraham100 McDermott739,M,GENERAL PRACTICE,45 DRUM HILL RD,CHELMSFORD,MA,018241503,42.6255635,-71.3615131,72,0
1649c5b7-601f-325f-a69c-bf3e2bccbb73,c0cc8f8d-a479-3f83-9e1f-1fd556b944ef,Lu473 Heathcote539,F,GENERAL PRACTICE,250 PARADISE RD,SWAMPSCOTT,MA,01907,42.47638005,-70.91253402512964,20,0
61553c17-281f-3cf9-b07c-37d40eb846c7,ac0fde88-b0ad-3388-a4a8-b8fc2a4f4af2,Lloyd546 Wuckert783,M,GENERAL PRACTICE,150 YORK STREET,STOUGHTON,MA,020729105,42.144646800000004,-71.09875876961266,1271,0
ffb911be-60ce-3813-8bdd-ff2d416c780c,0e061004-bcc0-3e99-a237-d700823e817b,Cesar434 Lehner980,M,GENERAL PRACTICE,570 BALDWINVILLE RD,BALDWINVILLE,MA,014361351,42.5953045,-72.07447782689232,66,0
c3fc3703-7bee-3413-8d43-ee75031abb42,d51d98bc-ef4c-363b-8450-c01537258b11,Teofila990 Koch169,F,GENERAL PRACTICE,1007 EAST ST,DEDHAM,MA,020266363,42.22837415,-71.16281500487283,1,0
0a92ec44-e012-3444-890e-8fc017eba99b,e2d88cfd-5294-39cb-8580-4661141bfaa1,Deedee112 Ernser583,F,GENERAL PRACTICE,195 PLEASANT ST,ATTLEBORO,MA,027032419,41.9502721,-71.27325564751882,1,0
efa56495-5a2e-3a1d-a871-d9a96886f1d7,d70d47dc-b40c-3a04-8342-35cbfe716409,Lakenya863 Hilpert278,F,GENERAL PRACTICE,83 LITTLEFIELD RD,NEWTON,MA,024593010,42.3104327,-71.18883283411856,83,0
76b9f717-6ef1-3e74-aa41-2bf1554ab9dc,de3cc142-803a-3ed4-8945-75ec88a84784,Brittni468 Trantow673,F,GENERAL PRACTICE,51 HOSPITAL ROAD,BALDWINVILLE,MA,014361215,42.6108483,-72.0608364,20,0
a2a6cc53-42c1-3570-8406-ebe27ab2c3a8,047f6113-bd42-353b-8368-cf2352868915,Kamilah729 Schimmel440,F,GENERAL PRACTICE,62 WALNUT ST FL 2ND,WELLESLEY,MA,024812109,42.2964859,-71.2925571,34,0
eb1273af-251d-3070-876d-3132defd93c6,0592d4e5-a0fb-3143-83cd-8e5a6b066a96,Ana Luisa894 Gallardo890,F,GENERAL PRACTICE,20 EAST ST,HANOVER,MA,023391638,42.1278249,-70.82664947485381,326,0
0359c9a1-7fbd-3962-bf6c-2c1b3459a5a2,c67ca7ed-4769-3b6c-a0a9-993f1227ff10,Allen322 Veum823,M,GENERAL PRACTICE,1 BLACKBURN DR,GLOUCESTER,MA,019302237,42.6269312,-70.65555242413386,102,0
cd87eb60-eb5b-3d4b-8062-3904438fc2e0,6b9c5830-a278-38ff-887f-ccefd74cf8e8,Fawn386 Hettinger594,F,GENERAL PRACTICE,184 LINCOLN STREET,NORTH EASTON,MA,023561799,42.06665855,-71.11947646404934,16,0
82a0ec8f-4d33-347e-a757-a9e7b6fbee5c,7b5bf0fc-c5c0-3f22-980b-fdfff326a9b4,Isidro558 Kling921,M,GENERAL PRACTICE,40 CUMBERLAND AVE,NORTH ATTLEBORO,MA,027604445,41.9316677,-71.35407469790115,3,0
c76e14b9-8e9e-37d1-96fd-1794c0aaaed9,ba07b31b-bf14-39b8-be95-4c5ca5062daa,Hermelinda327 Hyatt152,F,GENERAL PRACTICE,1575 CAMBRIDGE ST,CAMBRIDGE,MA,021384308,42.375209549999994,-71.10711344152975,288,0
d04c1876-3f38-3697-b183-68451509fe4d,064ba8c8-f6f7-3582-8f41-c963ceedfee4,Bernie827 Ankunding277,M,GENERAL PRACTICE,500 BELMONT STREET,BROCKTON,MA,023014985,42.07465845,-71.03975419622803,1,0
e0585a72-ed0d-3407-a473-87b58c51379f,6aae7a31-90df-3455-ad8d-81f8cf2d21e8,Houston994 Funk324,M,GENERAL PRACTICE,680 CENTRE ST,BROCKTON,MA,023023308,42.0872752,-70.9910738855076,605,0
28456948-34c1-377c-8207-b4819d472e1f,14036728-b721-3e4b-8755-8ee8ab6ed15e,Melodie819 Schmeler639,F,GENERAL PRACTICE,625 MOUNT AUBURN ST,CAMBRIDGE,MA,021384518,42.375351,-71.1468628,63,0
087085e1-ee28-3fb7-9530-74e7442fc1ee,104079d4-560e-3eb8-9a48-d495835a3997,Paris331 Schmeler639,M,GENERAL PRACTICE,68 CAMP ST,MASHPEE,MA,026493465,41.6484421,-70.4811383,36,0
